Command line invocation:
    /Applications/Xcode.app/Contents/Developer/usr/bin/xcodebuild -scheme Itinero -destination generic/platform=iOS build

Resolve Package Graph


Resolved source packages:
  GoogleUtilities: https://github.com/google/GoogleUtilities.git @ 8.1.0
  Promises: https://github.com/google/promises.git @ 2.4.0
  nanopb: https://github.com/firebase/nanopb.git @ 2.30910.0
  AppCheck: https://github.com/google/app-check.git @ 11.2.0
  RevenueCat: https://github.com/RevenueCat/purchases-ios.git @ 5.61.0
  GoogleDataTransport: https://github.com/google/GoogleDataTransport.git @ 10.1.0
  InteropForGoogle: https://github.com/google/interop-ios-for-google-sdks.git @ 101.0.0
  leveldb: https://github.com/firebase/leveldb.git @ 1.22.5
  Firebase: https://github.com/firebase/firebase-ios-sdk @ 12.10.0
  gRPC: https://github.com/google/grpc-binary.git @ 1.69.1
  wishkit-ios: https://github.com/wishkit/wishkit-ios.git @ 4.7.0
  GoogleAppMeasurement: https://github.com/google/GoogleAppMeasurement.git @ 12.10.0
  GoogleAdsOnDeviceConversion: https://github.com/googleads/google-ads-on-device-conversion-ios-sdk @ 3.3.0
  abseil: https://github.com/google/abseil-cpp-binary.git @ 1.2024072200.0
  wishkit-ios-shared: https://github.com/wishkit/wishkit-ios-shared.git @ 1.5.0
  GTMSessionFetcher: https://github.com/google/gtm-session-fetcher.git @ 5.1.0

ComputePackagePrebuildTargetDependencyGraph

Prepare packages

CreateBuildRequest

SendProjectDescription

CreateBuildOperation

ComputeTargetDependencyGraph
note: Building targets in dependency order
note: Target dependency graph (75 targets)
    Target 'Itinero' in project 'Itinero'
        ➜ Explicit dependency on target 'TriplyWidgetExtensionExtension' in project 'Itinero'
        ➜ Explicit dependency on target 'WishKit' in project 'wishkit-ios'
        ➜ Explicit dependency on target 'RevenueCatUI' in project 'RevenueCat'
        ➜ Explicit dependency on target 'ReceiptParser' in project 'RevenueCat'
        ➜ Explicit dependency on target 'FirebaseAnalyticsIdentitySupport' in project 'Firebase'
        ➜ Explicit dependency on target 'FirebaseAnalyticsCore' in project 'Firebase'
        ➜ Explicit dependency on target 'FirebaseAnalytics' in project 'Firebase'
        ➜ Explicit dependency on target 'FirebaseAILogic' in project 'Firebase'
        ➜ Explicit dependency on target 'FirebaseAI' in project 'Firebase'
        ➜ Explicit dependency on target 'RevenueCat' in project 'RevenueCat'
    Target 'RevenueCat' in project 'RevenueCat'
        ➜ Explicit dependency on target 'RevenueCat' in project 'RevenueCat'
        ➜ Explicit dependency on target 'RevenueCat_RevenueCat' in project 'RevenueCat'
    Target 'FirebaseAI' in project 'Firebase'
        ➜ Explicit dependency on target 'FirebaseAI' in project 'Firebase'
        ➜ Explicit dependency on target 'FirebaseAILogic' in project 'Firebase'
        ➜ Explicit dependency on target 'FirebaseAppCheckInterop' in project 'Firebase'
        ➜ Explicit dependency on target 'FirebaseAuthInterop' in project 'Firebase'
        ➜ Explicit dependency on target 'Firebase' in project 'Firebase'
        ➜ Explicit dependency on target 'FirebaseCoreInternal' in project 'Firebase'
        ➜ Explicit dependency on target 'FirebaseCore' in project 'Firebase'
        ➜ Explicit dependency on target 'FirebaseCoreExtension' in project 'Firebase'
        ➜ Explicit dependency on target 'GULNSData' in project 'GoogleUtilities'
        ➜ Explicit dependency on target 'GULEnvironment' in project 'GoogleUtilities'
        ➜ Explicit dependency on target 'GULLogger' in project 'GoogleUtilities'
    Target 'FirebaseAI' in project 'Firebase'
        ➜ Explicit dependency on target 'FirebaseAppCheckInterop' in project 'Firebase'
        ➜ Explicit dependency on target 'FirebaseAuthInterop' in project 'Firebase'
        ➜ Explicit dependency on target 'Firebase' in project 'Firebase'
        ➜ Explicit dependency on target 'FirebaseCoreInternal' in project 'Firebase'
        ➜ Explicit dependency on target 'FirebaseCore' in project 'Firebase'
        ➜ Explicit dependency on target 'FirebaseCoreExtension' in project 'Firebase'
        ➜ Explicit dependency on target 'FirebaseAILogic' in project 'Firebase'
        ➜ Explicit dependency on target 'GULNSData' in project 'GoogleUtilities'
        ➜ Explicit dependency on target 'GULEnvironment' in project 'GoogleUtilities'
        ➜ Explicit dependency on target 'GULLogger' in project 'GoogleUtilities'
    Target 'FirebaseAILogic' in project 'Firebase'
        ➜ Explicit dependency on target 'FirebaseAILogic' in project 'Firebase'
        ➜ Explicit dependency on target 'FirebaseAppCheckInterop' in project 'Firebase'
        ➜ Explicit dependency on target 'FirebaseAuthInterop' in project 'Firebase'
        ➜ Explicit dependency on target 'Firebase' in project 'Firebase'
        ➜ Explicit dependency on target 'FirebaseCoreInternal' in project 'Firebase'
        ➜ Explicit dependency on target 'FirebaseCore' in project 'Firebase'
        ➜ Explicit dependency on target 'FirebaseCoreExtension' in project 'Firebase'
        ➜ Explicit dependency on target 'GULNSData' in project 'GoogleUtilities'
        ➜ Explicit dependency on target 'GULEnvironment' in project 'GoogleUtilities'
        ➜ Explicit dependency on target 'GULLogger' in project 'GoogleUtilities'
    Target 'FirebaseAILogic' in project 'Firebase'
        ➜ Explicit dependency on target 'FirebaseAppCheckInterop' in project 'Firebase'
        ➜ Explicit dependency on target 'FirebaseAuthInterop' in project 'Firebase'
        ➜ Explicit dependency on target 'Firebase' in project 'Firebase'
        ➜ Explicit dependency on target 'FirebaseCoreInternal' in project 'Firebase'
        ➜ Explicit dependency on target 'FirebaseCore' in project 'Firebase'
        ➜ Explicit dependency on target 'FirebaseCoreExtension' in project 'Firebase'
        ➜ Explicit dependency on target 'GULNSData' in project 'GoogleUtilities'
        ➜ Explicit dependency on target 'GULEnvironment' in project 'GoogleUtilities'
        ➜ Explicit dependency on target 'GULLogger' in project 'GoogleUtilities'
    Target 'FirebaseCoreExtension' in project 'Firebase'
        ➜ Explicit dependency on target 'Firebase_FirebaseCoreExtension' in project 'Firebase'
    Target 'Firebase_FirebaseCoreExtension' in project 'Firebase' (no dependencies)
    Target 'FirebaseAuthInterop' in project 'Firebase' (no dependencies)
    Target 'FirebaseAppCheckInterop' in project 'Firebase' (no dependencies)
    Target 'FirebaseAnalytics' in project 'Firebase'
        ➜ Explicit dependency on target 'FirebaseAnalyticsTarget' in project 'Firebase'
        ➜ Explicit dependency on target 'Firebase' in project 'Firebase'
        ➜ Explicit dependency on target 'FirebaseCoreInternal' in project 'Firebase'
        ➜ Explicit dependency on target 'FirebaseCore' in project 'Firebase'
        ➜ Explicit dependency on target 'FirebaseInstallations' in project 'Firebase'
        ➜ Explicit dependency on target 'FirebaseAnalyticsWrapper' in project 'Firebase'
        ➜ Explicit dependency on target 'GULNSData' in project 'GoogleUtilities'
        ➜ Explicit dependency on target 'GULEnvironment' in project 'GoogleUtilities'
        ➜ Explicit dependency on target 'GULLogger' in project 'GoogleUtilities'
        ➜ Explicit dependency on target 'FBLPromises' in project 'Promises'
        ➜ Explicit dependency on target 'GULUserDefaults' in project 'GoogleUtilities'
        ➜ Explicit dependency on target 'GoogleAppMeasurement' in project 'GoogleAppMeasurement'
        ➜ Explicit dependency on target 'GULAppDelegateSwizzler' in project 'GoogleUtilities'
        ➜ Explicit dependency on target 'GULMethodSwizzler' in project 'GoogleUtilities'
        ➜ Explicit dependency on target 'GULNetwork' in project 'GoogleUtilities'
        ➜ Explicit dependency on target 'nanopb' in project 'nanopb'
    Target 'FirebaseAnalyticsTarget' in project 'Firebase'
        ➜ Explicit dependency on target 'Firebase' in project 'Firebase'
        ➜ Explicit dependency on target 'FirebaseCoreInternal' in project 'Firebase'
        ➜ Explicit dependency on target 'FirebaseCore' in project 'Firebase'
        ➜ Explicit dependency on target 'FirebaseInstallations' in project 'Firebase'
        ➜ Explicit dependency on target 'FirebaseAnalyticsWrapper' in project 'Firebase'
        ➜ Explicit dependency on target 'GULNSData' in project 'GoogleUtilities'
        ➜ Explicit dependency on target 'GULEnvironment' in project 'GoogleUtilities'
        ➜ Explicit dependency on target 'GULLogger' in project 'GoogleUtilities'
        ➜ Explicit dependency on target 'FBLPromises' in project 'Promises'
        ➜ Explicit dependency on target 'GULUserDefaults' in project 'GoogleUtilities'
        ➜ Explicit dependency on target 'GoogleAppMeasurement' in project 'GoogleAppMeasurement'
        ➜ Explicit dependency on target 'GULAppDelegateSwizzler' in project 'GoogleUtilities'
        ➜ Explicit dependency on target 'GULMethodSwizzler' in project 'GoogleUtilities'
        ➜ Explicit dependency on target 'GULNetwork' in project 'GoogleUtilities'
        ➜ Explicit dependency on target 'nanopb' in project 'nanopb'
    Target 'FirebaseAnalyticsWrapper' in project 'Firebase'
        ➜ Explicit dependency on target 'Firebase' in project 'Firebase'
        ➜ Explicit dependency on target 'FirebaseCoreInternal' in project 'Firebase'
        ➜ Explicit dependency on target 'FirebaseCore' in project 'Firebase'
        ➜ Explicit dependency on target 'FirebaseInstallations' in project 'Firebase'
        ➜ Explicit dependency on target 'GULNSData' in project 'GoogleUtilities'
        ➜ Explicit dependency on target 'GULEnvironment' in project 'GoogleUtilities'
        ➜ Explicit dependency on target 'GULLogger' in project 'GoogleUtilities'
        ➜ Explicit dependency on target 'FBLPromises' in project 'Promises'
        ➜ Explicit dependency on target 'GULUserDefaults' in project 'GoogleUtilities'
        ➜ Explicit dependency on target 'GoogleAppMeasurement' in project 'GoogleAppMeasurement'
        ➜ Explicit dependency on target 'GULAppDelegateSwizzler' in project 'GoogleUtilities'
        ➜ Explicit dependency on target 'GULMethodSwizzler' in project 'GoogleUtilities'
        ➜ Explicit dependency on target 'GULNetwork' in project 'GoogleUtilities'
        ➜ Explicit dependency on target 'nanopb' in project 'nanopb'
    Target 'GoogleAppMeasurement' in project 'GoogleAppMeasurement'
        ➜ Explicit dependency on target 'GoogleAppMeasurementTarget' in project 'GoogleAppMeasurement'
        ➜ Explicit dependency on target 'GULAppDelegateSwizzler' in project 'GoogleUtilities'
        ➜ Explicit dependency on target 'GULMethodSwizzler' in project 'GoogleUtilities'
        ➜ Explicit dependency on target 'GULNSData' in project 'GoogleUtilities'
        ➜ Explicit dependency on target 'GULNetwork' in project 'GoogleUtilities'
        ➜ Explicit dependency on target 'GULLogger' in project 'GoogleUtilities'
        ➜ Explicit dependency on target 'GULEnvironment' in project 'GoogleUtilities'
        ➜ Explicit dependency on target 'nanopb' in project 'nanopb'
        ➜ Explicit dependency on target 'GoogleAdsOnDeviceConversion' in project 'GoogleAdsOnDeviceConversion'
    Target 'GoogleAppMeasurementTarget' in project 'GoogleAppMeasurement'
        ➜ Explicit dependency on target 'GULAppDelegateSwizzler' in project 'GoogleUtilities'
        ➜ Explicit dependency on target 'GULMethodSwizzler' in project 'GoogleUtilities'
        ➜ Explicit dependency on target 'GULNSData' in project 'GoogleUtilities'
        ➜ Explicit dependency on target 'GULNetwork' in project 'GoogleUtilities'
        ➜ Explicit dependency on target 'GULLogger' in project 'GoogleUtilities'
        ➜ Explicit dependency on target 'GULEnvironment' in project 'GoogleUtilities'
        ➜ Explicit dependency on target 'nanopb' in project 'nanopb'
        ➜ Explicit dependency on target 'GoogleAdsOnDeviceConversion' in project 'GoogleAdsOnDeviceConversion'
    Target 'GoogleAdsOnDeviceConversion' in project 'GoogleAdsOnDeviceConversion'
        ➜ Explicit dependency on target 'GoogleAdsOnDeviceConversionTarget' in project 'GoogleAdsOnDeviceConversion'
        ➜ Explicit dependency on target 'GULEnvironment' in project 'GoogleUtilities'
        ➜ Explicit dependency on target 'GULLogger' in project 'GoogleUtilities'
        ➜ Explicit dependency on target 'GULNetwork' in project 'GoogleUtilities'
        ➜ Explicit dependency on target 'nanopb' in project 'nanopb'
    Target 'GoogleAdsOnDeviceConversionTarget' in project 'GoogleAdsOnDeviceConversion'
        ➜ Explicit dependency on target 'GULEnvironment' in project 'GoogleUtilities'
        ➜ Explicit dependency on target 'GULLogger' in project 'GoogleUtilities'
        ➜ Explicit dependency on target 'GULNetwork' in project 'GoogleUtilities'
        ➜ Explicit dependency on target 'nanopb' in project 'nanopb'
    Target 'FirebaseAnalyticsCore' in project 'Firebase'
        ➜ Explicit dependency on target 'FirebaseAnalyticsCoreTarget' in project 'Firebase'
        ➜ Explicit dependency on target 'Firebase' in project 'Firebase'
        ➜ Explicit dependency on target 'FirebaseCoreInternal' in project 'Firebase'
        ➜ Explicit dependency on target 'FirebaseCore' in project 'Firebase'
        ➜ Explicit dependency on target 'FirebaseInstallations' in project 'Firebase'
        ➜ Explicit dependency on target 'FirebaseAnalyticsCoreWrapper' in project 'Firebase'
        ➜ Explicit dependency on target 'GULNSData' in project 'GoogleUtilities'
        ➜ Explicit dependency on target 'GULEnvironment' in project 'GoogleUtilities'
        ➜ Explicit dependency on target 'GULLogger' in project 'GoogleUtilities'
        ➜ Explicit dependency on target 'FBLPromises' in project 'Promises'
        ➜ Explicit dependency on target 'GULUserDefaults' in project 'GoogleUtilities'
        ➜ Explicit dependency on target 'GoogleAppMeasurementCore' in project 'GoogleAppMeasurement'
        ➜ Explicit dependency on target 'GULAppDelegateSwizzler' in project 'GoogleUtilities'
        ➜ Explicit dependency on target 'GULMethodSwizzler' in project 'GoogleUtilities'
        ➜ Explicit dependency on target 'GULNetwork' in project 'GoogleUtilities'
        ➜ Explicit dependency on target 'nanopb' in project 'nanopb'
    Target 'FirebaseAnalyticsCoreTarget' in project 'Firebase'
        ➜ Explicit dependency on target 'Firebase' in project 'Firebase'
        ➜ Explicit dependency on target 'FirebaseCoreInternal' in project 'Firebase'
        ➜ Explicit dependency on target 'FirebaseCore' in project 'Firebase'
        ➜ Explicit dependency on target 'FirebaseInstallations' in project 'Firebase'
        ➜ Explicit dependency on target 'FirebaseAnalyticsCoreWrapper' in project 'Firebase'
        ➜ Explicit dependency on target 'GULNSData' in project 'GoogleUtilities'
        ➜ Explicit dependency on target 'GULEnvironment' in project 'GoogleUtilities'
        ➜ Explicit dependency on target 'GULLogger' in project 'GoogleUtilities'
        ➜ Explicit dependency on target 'FBLPromises' in project 'Promises'
        ➜ Explicit dependency on target 'GULUserDefaults' in project 'GoogleUtilities'
        ➜ Explicit dependency on target 'GoogleAppMeasurementCore' in project 'GoogleAppMeasurement'
        ➜ Explicit dependency on target 'GULAppDelegateSwizzler' in project 'GoogleUtilities'
        ➜ Explicit dependency on target 'GULMethodSwizzler' in project 'GoogleUtilities'
        ➜ Explicit dependency on target 'GULNetwork' in project 'GoogleUtilities'
        ➜ Explicit dependency on target 'nanopb' in project 'nanopb'
    Target 'FirebaseAnalyticsCoreWrapper' in project 'Firebase'
        ➜ Explicit dependency on target 'Firebase' in project 'Firebase'
        ➜ Explicit dependency on target 'FirebaseCoreInternal' in project 'Firebase'
        ➜ Explicit dependency on target 'FirebaseCore' in project 'Firebase'
        ➜ Explicit dependency on target 'FirebaseInstallations' in project 'Firebase'
        ➜ Explicit dependency on target 'GULNSData' in project 'GoogleUtilities'
        ➜ Explicit dependency on target 'GULEnvironment' in project 'GoogleUtilities'
        ➜ Explicit dependency on target 'GULLogger' in project 'GoogleUtilities'
        ➜ Explicit dependency on target 'FBLPromises' in project 'Promises'
        ➜ Explicit dependency on target 'GULUserDefaults' in project 'GoogleUtilities'
        ➜ Explicit dependency on target 'GoogleAppMeasurementCore' in project 'GoogleAppMeasurement'
        ➜ Explicit dependency on target 'GULAppDelegateSwizzler' in project 'GoogleUtilities'
        ➜ Explicit dependency on target 'GULMethodSwizzler' in project 'GoogleUtilities'
        ➜ Explicit dependency on target 'GULNetwork' in project 'GoogleUtilities'
        ➜ Explicit dependency on target 'nanopb' in project 'nanopb'
    Target 'GoogleAppMeasurementCore' in project 'GoogleAppMeasurement'
        ➜ Explicit dependency on target 'GoogleAppMeasurementCoreTarget' in project 'GoogleAppMeasurement'
        ➜ Explicit dependency on target 'GULAppDelegateSwizzler' in project 'GoogleUtilities'
        ➜ Explicit dependency on target 'GULMethodSwizzler' in project 'GoogleUtilities'
        ➜ Explicit dependency on target 'GULNSData' in project 'GoogleUtilities'
        ➜ Explicit dependency on target 'GULNetwork' in project 'GoogleUtilities'
        ➜ Explicit dependency on target 'GULLogger' in project 'GoogleUtilities'
        ➜ Explicit dependency on target 'GULEnvironment' in project 'GoogleUtilities'
        ➜ Explicit dependency on target 'nanopb' in project 'nanopb'
    Target 'GoogleAppMeasurementCoreTarget' in project 'GoogleAppMeasurement'
        ➜ Explicit dependency on target 'GULAppDelegateSwizzler' in project 'GoogleUtilities'
        ➜ Explicit dependency on target 'GULMethodSwizzler' in project 'GoogleUtilities'
        ➜ Explicit dependency on target 'GULNSData' in project 'GoogleUtilities'
        ➜ Explicit dependency on target 'GULNetwork' in project 'GoogleUtilities'
        ➜ Explicit dependency on target 'GULLogger' in project 'GoogleUtilities'
        ➜ Explicit dependency on target 'GULEnvironment' in project 'GoogleUtilities'
        ➜ Explicit dependency on target 'nanopb' in project 'nanopb'
    Target 'FirebaseAnalyticsIdentitySupport' in project 'Firebase'
        ➜ Explicit dependency on target 'FirebaseAnalyticsIdentitySupportTarget' in project 'Firebase'
        ➜ Explicit dependency on target 'Firebase' in project 'Firebase'
        ➜ Explicit dependency on target 'FirebaseCoreInternal' in project 'Firebase'
        ➜ Explicit dependency on target 'FirebaseCore' in project 'Firebase'
        ➜ Explicit dependency on target 'FirebaseInstallations' in project 'Firebase'
        ➜ Explicit dependency on target 'GULNSData' in project 'GoogleUtilities'
        ➜ Explicit dependency on target 'GULEnvironment' in project 'GoogleUtilities'
        ➜ Explicit dependency on target 'GULLogger' in project 'GoogleUtilities'
        ➜ Explicit dependency on target 'FBLPromises' in project 'Promises'
        ➜ Explicit dependency on target 'GULUserDefaults' in project 'GoogleUtilities'
        ➜ Explicit dependency on target 'GoogleAppMeasurementIdentitySupport' in project 'GoogleAppMeasurement'
        ➜ Explicit dependency on target 'GULAppDelegateSwizzler' in project 'GoogleUtilities'
        ➜ Explicit dependency on target 'GULMethodSwizzler' in project 'GoogleUtilities'
        ➜ Explicit dependency on target 'GULNetwork' in project 'GoogleUtilities'
        ➜ Explicit dependency on target 'nanopb' in project 'nanopb'
    Target 'FirebaseAnalyticsIdentitySupportTarget' in project 'Firebase'
        ➜ Explicit dependency on target 'Firebase' in project 'Firebase'
        ➜ Explicit dependency on target 'FirebaseCoreInternal' in project 'Firebase'
        ➜ Explicit dependency on target 'FirebaseCore' in project 'Firebase'
        ➜ Explicit dependency on target 'FirebaseInstallations' in project 'Firebase'
        ➜ Explicit dependency on target 'GULNSData' in project 'GoogleUtilities'
        ➜ Explicit dependency on target 'GULEnvironment' in project 'GoogleUtilities'
        ➜ Explicit dependency on target 'GULLogger' in project 'GoogleUtilities'
        ➜ Explicit dependency on target 'FBLPromises' in project 'Promises'
        ➜ Explicit dependency on target 'GULUserDefaults' in project 'GoogleUtilities'
        ➜ Explicit dependency on target 'GoogleAppMeasurementIdentitySupport' in project 'GoogleAppMeasurement'
        ➜ Explicit dependency on target 'GULAppDelegateSwizzler' in project 'GoogleUtilities'
        ➜ Explicit dependency on target 'GULMethodSwizzler' in project 'GoogleUtilities'
        ➜ Explicit dependency on target 'GULNetwork' in project 'GoogleUtilities'
        ➜ Explicit dependency on target 'nanopb' in project 'nanopb'
    Target 'GoogleAppMeasurementIdentitySupport' in project 'GoogleAppMeasurement'
        ➜ Explicit dependency on target 'GoogleAppMeasurementIdentitySupportTarget' in project 'GoogleAppMeasurement'
        ➜ Explicit dependency on target 'GULAppDelegateSwizzler' in project 'GoogleUtilities'
        ➜ Explicit dependency on target 'GULMethodSwizzler' in project 'GoogleUtilities'
        ➜ Explicit dependency on target 'GULNSData' in project 'GoogleUtilities'
        ➜ Explicit dependency on target 'GULNetwork' in project 'GoogleUtilities'
        ➜ Explicit dependency on target 'GULLogger' in project 'GoogleUtilities'
        ➜ Explicit dependency on target 'GULEnvironment' in project 'GoogleUtilities'
        ➜ Explicit dependency on target 'nanopb' in project 'nanopb'
    Target 'GoogleAppMeasurementIdentitySupportTarget' in project 'GoogleAppMeasurement'
        ➜ Explicit dependency on target 'GULAppDelegateSwizzler' in project 'GoogleUtilities'
        ➜ Explicit dependency on target 'GULMethodSwizzler' in project 'GoogleUtilities'
        ➜ Explicit dependency on target 'GULNSData' in project 'GoogleUtilities'
        ➜ Explicit dependency on target 'GULNetwork' in project 'GoogleUtilities'
        ➜ Explicit dependency on target 'GULLogger' in project 'GoogleUtilities'
        ➜ Explicit dependency on target 'GULEnvironment' in project 'GoogleUtilities'
        ➜ Explicit dependency on target 'nanopb' in project 'nanopb'
    Target 'nanopb' in project 'nanopb'
        ➜ Explicit dependency on target 'nanopb' in project 'nanopb'
        ➜ Explicit dependency on target 'nanopb_nanopb' in project 'nanopb'
    Target 'nanopb' in project 'nanopb'
        ➜ Explicit dependency on target 'nanopb_nanopb' in project 'nanopb'
    Target 'nanopb_nanopb' in project 'nanopb' (no dependencies)
    Target 'GULNetwork' in project 'GoogleUtilities'
        ➜ Explicit dependency on target 'GoogleUtilities-Network' in project 'GoogleUtilities'
        ➜ Explicit dependency on target 'GoogleUtilities_GoogleUtilities-Network' in project 'GoogleUtilities'
        ➜ Explicit dependency on target 'third-party-IsAppEncrypted' in project 'GoogleUtilities'
        ➜ Explicit dependency on target 'GoogleUtilities-Environment' in project 'GoogleUtilities'
        ➜ Explicit dependency on target 'GoogleUtilities-Logger' in project 'GoogleUtilities'
        ➜ Explicit dependency on target 'GoogleUtilities-NSData' in project 'GoogleUtilities'
        ➜ Explicit dependency on target 'GoogleUtilities-Reachability' in project 'GoogleUtilities'
    Target 'GULMethodSwizzler' in project 'GoogleUtilities'
        ➜ Explicit dependency on target 'GoogleUtilities-MethodSwizzler' in project 'GoogleUtilities'
        ➜ Explicit dependency on target 'GoogleUtilities_GoogleUtilities-MethodSwizzler' in project 'GoogleUtilities'
        ➜ Explicit dependency on target 'third-party-IsAppEncrypted' in project 'GoogleUtilities'
        ➜ Explicit dependency on target 'GoogleUtilities-Environment' in project 'GoogleUtilities'
        ➜ Explicit dependency on target 'GoogleUtilities-Logger' in project 'GoogleUtilities'
    Target 'GoogleUtilities-MethodSwizzler' in project 'GoogleUtilities'
        ➜ Explicit dependency on target 'GoogleUtilities_GoogleUtilities-MethodSwizzler' in project 'GoogleUtilities'
        ➜ Explicit dependency on target 'third-party-IsAppEncrypted' in project 'GoogleUtilities'
        ➜ Explicit dependency on target 'GoogleUtilities-Environment' in project 'GoogleUtilities'
        ➜ Explicit dependency on target 'GoogleUtilities-Logger' in project 'GoogleUtilities'
    Target 'GoogleUtilities_GoogleUtilities-MethodSwizzler' in project 'GoogleUtilities' (no dependencies)
    Target 'GULAppDelegateSwizzler' in project 'GoogleUtilities'
        ➜ Explicit dependency on target 'GoogleUtilities-AppDelegateSwizzler' in project 'GoogleUtilities'
        ➜ Explicit dependency on target 'GoogleUtilities_GoogleUtilities-AppDelegateSwizzler' in project 'GoogleUtilities'
        ➜ Explicit dependency on target 'third-party-IsAppEncrypted' in project 'GoogleUtilities'
        ➜ Explicit dependency on target 'GoogleUtilities-Environment' in project 'GoogleUtilities'
        ➜ Explicit dependency on target 'GoogleUtilities-Logger' in project 'GoogleUtilities'
        ➜ Explicit dependency on target 'GoogleUtilities-NSData' in project 'GoogleUtilities'
        ➜ Explicit dependency on target 'GoogleUtilities-Reachability' in project 'GoogleUtilities'
        ➜ Explicit dependency on target 'GoogleUtilities-Network' in project 'GoogleUtilities'
    Target 'GoogleUtilities-AppDelegateSwizzler' in project 'GoogleUtilities'
        ➜ Explicit dependency on target 'GoogleUtilities_GoogleUtilities-AppDelegateSwizzler' in project 'GoogleUtilities'
        ➜ Explicit dependency on target 'third-party-IsAppEncrypted' in project 'GoogleUtilities'
        ➜ Explicit dependency on target 'GoogleUtilities-Environment' in project 'GoogleUtilities'
        ➜ Explicit dependency on target 'GoogleUtilities-Logger' in project 'GoogleUtilities'
        ➜ Explicit dependency on target 'GoogleUtilities-NSData' in project 'GoogleUtilities'
        ➜ Explicit dependency on target 'GoogleUtilities-Reachability' in project 'GoogleUtilities'
        ➜ Explicit dependency on target 'GoogleUtilities-Network' in project 'GoogleUtilities'
    Target 'GoogleUtilities-Network' in project 'GoogleUtilities'
        ➜ Explicit dependency on target 'GoogleUtilities_GoogleUtilities-Network' in project 'GoogleUtilities'
        ➜ Explicit dependency on target 'third-party-IsAppEncrypted' in project 'GoogleUtilities'
        ➜ Explicit dependency on target 'GoogleUtilities-Environment' in project 'GoogleUtilities'
        ➜ Explicit dependency on target 'GoogleUtilities-Logger' in project 'GoogleUtilities'
        ➜ Explicit dependency on target 'GoogleUtilities-NSData' in project 'GoogleUtilities'
        ➜ Explicit dependency on target 'GoogleUtilities-Reachability' in project 'GoogleUtilities'
    Target 'GoogleUtilities_GoogleUtilities-Network' in project 'GoogleUtilities' (no dependencies)
    Target 'GoogleUtilities-Reachability' in project 'GoogleUtilities'
        ➜ Explicit dependency on target 'GoogleUtilities_GoogleUtilities-Reachability' in project 'GoogleUtilities'
        ➜ Explicit dependency on target 'third-party-IsAppEncrypted' in project 'GoogleUtilities'
        ➜ Explicit dependency on target 'GoogleUtilities-Environment' in project 'GoogleUtilities'
        ➜ Explicit dependency on target 'GoogleUtilities-Logger' in project 'GoogleUtilities'
    Target 'GoogleUtilities_GoogleUtilities-Reachability' in project 'GoogleUtilities' (no dependencies)
    Target 'GoogleUtilities_GoogleUtilities-AppDelegateSwizzler' in project 'GoogleUtilities' (no dependencies)
    Target 'FirebaseInstallations' in project 'Firebase'
        ➜ Explicit dependency on target 'Firebase_FirebaseInstallations' in project 'Firebase'
        ➜ Explicit dependency on target 'Firebase' in project 'Firebase'
        ➜ Explicit dependency on target 'FirebaseCoreInternal' in project 'Firebase'
        ➜ Explicit dependency on target 'FirebaseCore' in project 'Firebase'
        ➜ Explicit dependency on target 'GULNSData' in project 'GoogleUtilities'
        ➜ Explicit dependency on target 'GULEnvironment' in project 'GoogleUtilities'
        ➜ Explicit dependency on target 'GULLogger' in project 'GoogleUtilities'
        ➜ Explicit dependency on target 'FBLPromises' in project 'Promises'
        ➜ Explicit dependency on target 'GULUserDefaults' in project 'GoogleUtilities'
    Target 'GULUserDefaults' in project 'GoogleUtilities'
        ➜ Explicit dependency on target 'GoogleUtilities-UserDefaults' in project 'GoogleUtilities'
        ➜ Explicit dependency on target 'GoogleUtilities_GoogleUtilities-UserDefaults' in project 'GoogleUtilities'
        ➜ Explicit dependency on target 'third-party-IsAppEncrypted' in project 'GoogleUtilities'
        ➜ Explicit dependency on target 'GoogleUtilities-Environment' in project 'GoogleUtilities'
        ➜ Explicit dependency on target 'GoogleUtilities-Logger' in project 'GoogleUtilities'
    Target 'GoogleUtilities-UserDefaults' in project 'GoogleUtilities'
        ➜ Explicit dependency on target 'GoogleUtilities_GoogleUtilities-UserDefaults' in project 'GoogleUtilities'
        ➜ Explicit dependency on target 'third-party-IsAppEncrypted' in project 'GoogleUtilities'
        ➜ Explicit dependency on target 'GoogleUtilities-Environment' in project 'GoogleUtilities'
        ➜ Explicit dependency on target 'GoogleUtilities-Logger' in project 'GoogleUtilities'
    Target 'GoogleUtilities_GoogleUtilities-UserDefaults' in project 'GoogleUtilities' (no dependencies)
    Target 'FBLPromises' in project 'Promises'
        ➜ Explicit dependency on target 'FBLPromises' in project 'Promises'
        ➜ Explicit dependency on target 'Promises_FBLPromises' in project 'Promises'
    Target 'FBLPromises' in project 'Promises'
        ➜ Explicit dependency on target 'Promises_FBLPromises' in project 'Promises'
    Target 'Promises_FBLPromises' in project 'Promises' (no dependencies)
    Target 'Firebase_FirebaseInstallations' in project 'Firebase' (no dependencies)
    Target 'FirebaseCore' in project 'Firebase'
        ➜ Explicit dependency on target 'Firebase_FirebaseCore' in project 'Firebase'
        ➜ Explicit dependency on target 'Firebase' in project 'Firebase'
        ➜ Explicit dependency on target 'FirebaseCoreInternal' in project 'Firebase'
        ➜ Explicit dependency on target 'GULNSData' in project 'GoogleUtilities'
        ➜ Explicit dependency on target 'GULEnvironment' in project 'GoogleUtilities'
        ➜ Explicit dependency on target 'GULLogger' in project 'GoogleUtilities'
    Target 'GULLogger' in project 'GoogleUtilities'
        ➜ Explicit dependency on target 'GoogleUtilities-Logger' in project 'GoogleUtilities'
        ➜ Explicit dependency on target 'GoogleUtilities_GoogleUtilities-Logger' in project 'GoogleUtilities'
        ➜ Explicit dependency on target 'third-party-IsAppEncrypted' in project 'GoogleUtilities'
        ➜ Explicit dependency on target 'GoogleUtilities-Environment' in project 'GoogleUtilities'
    Target 'GoogleUtilities-Logger' in project 'GoogleUtilities'
        ➜ Explicit dependency on target 'GoogleUtilities_GoogleUtilities-Logger' in project 'GoogleUtilities'
        ➜ Explicit dependency on target 'third-party-IsAppEncrypted' in project 'GoogleUtilities'
        ➜ Explicit dependency on target 'GoogleUtilities-Environment' in project 'GoogleUtilities'
    Target 'GoogleUtilities_GoogleUtilities-Logger' in project 'GoogleUtilities' (no dependencies)
    Target 'GULEnvironment' in project 'GoogleUtilities'
        ➜ Explicit dependency on target 'GoogleUtilities-Environment' in project 'GoogleUtilities'
        ➜ Explicit dependency on target 'GoogleUtilities_GoogleUtilities-Environment' in project 'GoogleUtilities'
        ➜ Explicit dependency on target 'third-party-IsAppEncrypted' in project 'GoogleUtilities'
    Target 'GoogleUtilities-Environment' in project 'GoogleUtilities'
        ➜ Explicit dependency on target 'GoogleUtilities_GoogleUtilities-Environment' in project 'GoogleUtilities'
        ➜ Explicit dependency on target 'third-party-IsAppEncrypted' in project 'GoogleUtilities'
    Target 'third-party-IsAppEncrypted' in project 'GoogleUtilities' (no dependencies)
    Target 'GoogleUtilities_GoogleUtilities-Environment' in project 'GoogleUtilities' (no dependencies)
    Target 'Firebase_FirebaseCore' in project 'Firebase' (no dependencies)
    Target 'FirebaseCoreInternal' in project 'Firebase'
        ➜ Explicit dependency on target 'Firebase_FirebaseCoreInternal' in project 'Firebase'
        ➜ Explicit dependency on target 'GULNSData' in project 'GoogleUtilities'
    Target 'GULNSData' in project 'GoogleUtilities'
        ➜ Explicit dependency on target 'GoogleUtilities-NSData' in project 'GoogleUtilities'
        ➜ Explicit dependency on target 'GoogleUtilities_GoogleUtilities-NSData' in project 'GoogleUtilities'
    Target 'GoogleUtilities-NSData' in project 'GoogleUtilities'
        ➜ Explicit dependency on target 'GoogleUtilities_GoogleUtilities-NSData' in project 'GoogleUtilities'
    Target 'GoogleUtilities_GoogleUtilities-NSData' in project 'GoogleUtilities' (no dependencies)
    Target 'Firebase_FirebaseCoreInternal' in project 'Firebase' (no dependencies)
    Target 'Firebase' in project 'Firebase' (no dependencies)
    Target 'ReceiptParser' in project 'RevenueCat'
        ➜ Explicit dependency on target 'ReceiptParser' in project 'RevenueCat'
    Target 'ReceiptParser' in project 'RevenueCat' (no dependencies)
    Target 'RevenueCatUI' in project 'RevenueCat'
        ➜ Explicit dependency on target 'RevenueCatUI' in project 'RevenueCat'
        ➜ Explicit dependency on target 'RevenueCat_RevenueCatUI' in project 'RevenueCat'
        ➜ Explicit dependency on target 'RevenueCat' in project 'RevenueCat'
    Target 'RevenueCatUI' in project 'RevenueCat'
        ➜ Explicit dependency on target 'RevenueCat_RevenueCatUI' in project 'RevenueCat'
        ➜ Explicit dependency on target 'RevenueCat' in project 'RevenueCat'
    Target 'RevenueCat' in project 'RevenueCat'
        ➜ Explicit dependency on target 'RevenueCat_RevenueCat' in project 'RevenueCat'
    Target 'RevenueCat_RevenueCat' in project 'RevenueCat' (no dependencies)
    Target 'RevenueCat_RevenueCatUI' in project 'RevenueCat' (no dependencies)
    Target 'WishKit' in project 'wishkit-ios'
        ➜ Explicit dependency on target 'WishKit' in project 'wishkit-ios'
        ➜ Explicit dependency on target 'WishKitShared' in project 'wishkit-ios-shared'
    Target 'WishKit' in project 'wishkit-ios'
        ➜ Explicit dependency on target 'WishKitShared' in project 'wishkit-ios-shared'
    Target 'WishKitShared' in project 'wishkit-ios-shared'
        ➜ Explicit dependency on target 'WishKitShared' in project 'wishkit-ios-shared'
    Target 'WishKitShared' in project 'wishkit-ios-shared' (no dependencies)
    Target 'TriplyWidgetExtensionExtension' in project 'Itinero' (no dependencies)

GatherProvisioningInputs

CreateBuildDescription

ExecuteExternalTool /Applications/Xcode.app/Contents/Developer/Toolchains/XcodeDefault.xctoolchain/usr/bin/swiftc --version

ExecuteExternalTool /Applications/Xcode.app/Contents/Developer/usr/bin/actool --version --output-format xml1

ExecuteExternalTool /Applications/Xcode.app/Contents/Developer/Toolchains/XcodeDefault.xctoolchain/usr/bin/clang -v -E -dM -arch arm64 -isysroot /Applications/Xcode.app/Contents/Developer/Platforms/iPhoneOS.platform/Developer/SDKs/iPhoneOS26.1.sdk -x objective-c -c /dev/null

ExecuteExternalTool /Applications/Xcode.app/Contents/Developer/Toolchains/XcodeDefault.xctoolchain/usr/bin/clang -v -E -dM -isysroot /Applications/Xcode.app/Contents/Developer/Platforms/iPhoneOS.platform/Developer/SDKs/iPhoneOS26.1.sdk -x c -c /dev/null

ExecuteExternalTool /Applications/Xcode.app/Contents/Developer/usr/bin/actool --print-asset-tag-combinations --output-format xml1 /Users/tobiadegoroye/Developer/SwiftUI/Triply/Assets.xcassets

ExecuteExternalTool /Applications/Xcode.app/Contents/Developer/Toolchains/XcodeDefault.xctoolchain/usr/bin/clang -v -E -dM -arch arm64 -isysroot /Applications/Xcode.app/Contents/Developer/Platforms/iPhoneOS.platform/Developer/SDKs/iPhoneOS26.1.sdk -x c -c /dev/null

ExecuteExternalTool /Applications/Xcode.app/Contents/Developer/Toolchains/XcodeDefault.xctoolchain/usr/bin/ld -version_details

ReadFileContents /Applications/Xcode.app/Contents/Developer/Toolchains/XcodeDefault.xctoolchain/usr/share/docc/features.json

Build description signature: d3c451b51c14d0a7026ea3d26a0570bd
Build description path: /Users/tobiadegoroye/Library/Developer/Xcode/DerivedData/Itinero-ddatanvrushtpeefdltyxakpvgnm/Build/Intermediates.noindex/XCBuildData/d3c451b51c14d0a7026ea3d26a0570bd.xcbuilddata
ClangStatCache /Applications/Xcode.app/Contents/Developer/Toolchains/XcodeDefault.xctoolchain/usr/bin/clang-stat-cache /Applications/Xcode.app/Contents/Developer/Platforms/iPhoneOS.platform/Developer/SDKs/iPhoneOS26.1.sdk /Users/tobiadegoroye/Library/Developer/Xcode/DerivedData/SDKStatCaches.noindex/iphoneos26.1-23B77-69b33fc7382b27d9b5d46e82a00f8e78.sdkstatcache
    cd /Users/tobiadegoroye/Developer/SwiftUI/Triply/Itinero.xcodeproj
    /Applications/Xcode.app/Contents/Developer/Toolchains/XcodeDefault.xctoolchain/usr/bin/clang-stat-cache /Applications/Xcode.app/Contents/Developer/Platforms/iPhoneOS.platform/Developer/SDKs/iPhoneOS26.1.sdk -o /Users/tobiadegoroye/Library/Developer/Xcode/DerivedData/SDKStatCaches.noindex/iphoneos26.1-23B77-69b33fc7382b27d9b5d46e82a00f8e78.sdkstatcache

ProcessInfoPlistFile /Users/tobiadegoroye/Library/Developer/Xcode/DerivedData/Itinero-ddatanvrushtpeefdltyxakpvgnm/Build/Products/Debug-iphoneos/nanopb_nanopb.bundle/Info.plist /Users/tobiadegoroye/Library/Developer/Xcode/DerivedData/Itinero-ddatanvrushtpeefdltyxakpvgnm/Build/Intermediates.noindex/nanopb.build/Debug-iphoneos/nanopb_nanopb.build/empty-nanopb_nanopb.plist (in target 'nanopb_nanopb' from project 'nanopb')
    cd /Users/tobiadegoroye/Library/Developer/Xcode/DerivedData/Itinero-ddatanvrushtpeefdltyxakpvgnm/SourcePackages/checkouts/nanopb
    builtin-infoPlistUtility /Users/tobiadegoroye/Library/Developer/Xcode/DerivedData/Itinero-ddatanvrushtpeefdltyxakpvgnm/Build/Intermediates.noindex/nanopb.build/Debug-iphoneos/nanopb_nanopb.build/empty-nanopb_nanopb.plist -producttype com.apple.product-type.bundle -expandbuildsettings -format binary -platform iphoneos -requiredArchitecture arm64 -o /Users/tobiadegoroye/Library/Developer/Xcode/DerivedData/Itinero-ddatanvrushtpeefdltyxakpvgnm/Build/Products/Debug-iphoneos/nanopb_nanopb.bundle/Info.plist

ProcessInfoPlistFile /Users/tobiadegoroye/Library/Developer/Xcode/DerivedData/Itinero-ddatanvrushtpeefdltyxakpvgnm/Build/Products/Debug-iphoneos/RevenueCat_RevenueCat.bundle/Info.plist /Users/tobiadegoroye/Library/Developer/Xcode/DerivedData/Itinero-ddatanvrushtpeefdltyxakpvgnm/Build/Intermediates.noindex/RevenueCat.build/Debug-iphoneos/RevenueCat_RevenueCat.build/empty-RevenueCat_RevenueCat.plist (in target 'RevenueCat_RevenueCat' from project 'RevenueCat')
    cd /Users/tobiadegoroye/Library/Developer/Xcode/DerivedData/Itinero-ddatanvrushtpeefdltyxakpvgnm/SourcePackages/checkouts/purchases-ios
    builtin-infoPlistUtility /Users/tobiadegoroye/Library/Developer/Xcode/DerivedData/Itinero-ddatanvrushtpeefdltyxakpvgnm/Build/Intermediates.noindex/RevenueCat.build/Debug-iphoneos/RevenueCat_RevenueCat.build/empty-RevenueCat_RevenueCat.plist -producttype com.apple.product-type.bundle -expandbuildsettings -format binary -platform iphoneos -requiredArchitecture arm64 -o /Users/tobiadegoroye/Library/Developer/Xcode/DerivedData/Itinero-ddatanvrushtpeefdltyxakpvgnm/Build/Products/Debug-iphoneos/RevenueCat_RevenueCat.bundle/Info.plist

ProcessInfoPlistFile /Users/tobiadegoroye/Library/Developer/Xcode/DerivedData/Itinero-ddatanvrushtpeefdltyxakpvgnm/Build/Products/Debug-iphoneos/Promises_FBLPromises.bundle/Info.plist /Users/tobiadegoroye/Library/Developer/Xcode/DerivedData/Itinero-ddatanvrushtpeefdltyxakpvgnm/Build/Intermediates.noindex/Promises.build/Debug-iphoneos/Promises_FBLPromises.build/empty-Promises_FBLPromises.plist (in target 'Promises_FBLPromises' from project 'Promises')
    cd /Users/tobiadegoroye/Library/Developer/Xcode/DerivedData/Itinero-ddatanvrushtpeefdltyxakpvgnm/SourcePackages/checkouts/promises
    builtin-infoPlistUtility /Users/tobiadegoroye/Library/Developer/Xcode/DerivedData/Itinero-ddatanvrushtpeefdltyxakpvgnm/Build/Intermediates.noindex/Promises.build/Debug-iphoneos/Promises_FBLPromises.build/empty-Promises_FBLPromises.plist -producttype com.apple.product-type.bundle -expandbuildsettings -format binary -platform iphoneos -requiredArchitecture arm64 -o /Users/tobiadegoroye/Library/Developer/Xcode/DerivedData/Itinero-ddatanvrushtpeefdltyxakpvgnm/Build/Products/Debug-iphoneos/Promises_FBLPromises.bundle/Info.plist

ProcessInfoPlistFile /Users/tobiadegoroye/Library/Developer/Xcode/DerivedData/Itinero-ddatanvrushtpeefdltyxakpvgnm/Build/Products/Debug-iphoneos/GoogleUtilities_GoogleUtilities-UserDefaults.bundle/Info.plist /Users/tobiadegoroye/Library/Developer/Xcode/DerivedData/Itinero-ddatanvrushtpeefdltyxakpvgnm/Build/Intermediates.noindex/GoogleUtilities.build/Debug-iphoneos/GoogleUtilities_GoogleUtilities-UserDefaults.build/empty-GoogleUtilities_GoogleUtilities-UserDefaults.plist (in target 'GoogleUtilities_GoogleUtilities-UserDefaults' from project 'GoogleUtilities')
    cd /Users/tobiadegoroye/Library/Developer/Xcode/DerivedData/Itinero-ddatanvrushtpeefdltyxakpvgnm/SourcePackages/checkouts/GoogleUtilities
    builtin-infoPlistUtility /Users/tobiadegoroye/Library/Developer/Xcode/DerivedData/Itinero-ddatanvrushtpeefdltyxakpvgnm/Build/Intermediates.noindex/GoogleUtilities.build/Debug-iphoneos/GoogleUtilities_GoogleUtilities-UserDefaults.build/empty-GoogleUtilities_GoogleUtilities-UserDefaults.plist -producttype com.apple.product-type.bundle -expandbuildsettings -format binary -platform iphoneos -requiredArchitecture arm64 -o /Users/tobiadegoroye/Library/Developer/Xcode/DerivedData/Itinero-ddatanvrushtpeefdltyxakpvgnm/Build/Products/Debug-iphoneos/GoogleUtilities_GoogleUtilities-UserDefaults.bundle/Info.plist

ProcessInfoPlistFile /Users/tobiadegoroye/Library/Developer/Xcode/DerivedData/Itinero-ddatanvrushtpeefdltyxakpvgnm/Build/Products/Debug-iphoneos/GoogleUtilities_GoogleUtilities-Reachability.bundle/Info.plist /Users/tobiadegoroye/Library/Developer/Xcode/DerivedData/Itinero-ddatanvrushtpeefdltyxakpvgnm/Build/Intermediates.noindex/GoogleUtilities.build/Debug-iphoneos/GoogleUtilities_GoogleUtilities-Reachability.build/empty-GoogleUtilities_GoogleUtilities-Reachability.plist (in target 'GoogleUtilities_GoogleUtilities-Reachability' from project 'GoogleUtilities')
    cd /Users/tobiadegoroye/Library/Developer/Xcode/DerivedData/Itinero-ddatanvrushtpeefdltyxakpvgnm/SourcePackages/checkouts/GoogleUtilities
    builtin-infoPlistUtility /Users/tobiadegoroye/Library/Developer/Xcode/DerivedData/Itinero-ddatanvrushtpeefdltyxakpvgnm/Build/Intermediates.noindex/GoogleUtilities.build/Debug-iphoneos/GoogleUtilities_GoogleUtilities-Reachability.build/empty-GoogleUtilities_GoogleUtilities-Reachability.plist -producttype com.apple.product-type.bundle -expandbuildsettings -format binary -platform iphoneos -requiredArchitecture arm64 -o /Users/tobiadegoroye/Library/Developer/Xcode/DerivedData/Itinero-ddatanvrushtpeefdltyxakpvgnm/Build/Products/Debug-iphoneos/GoogleUtilities_GoogleUtilities-Reachability.bundle/Info.plist

ProcessInfoPlistFile /Users/tobiadegoroye/Library/Developer/Xcode/DerivedData/Itinero-ddatanvrushtpeefdltyxakpvgnm/Build/Products/Debug-iphoneos/GoogleUtilities_GoogleUtilities-Network.bundle/Info.plist /Users/tobiadegoroye/Library/Developer/Xcode/DerivedData/Itinero-ddatanvrushtpeefdltyxakpvgnm/Build/Intermediates.noindex/GoogleUtilities.build/Debug-iphoneos/GoogleUtilities_GoogleUtilities-Network.build/empty-GoogleUtilities_GoogleUtilities-Network.plist (in target 'GoogleUtilities_GoogleUtilities-Network' from project 'GoogleUtilities')
    cd /Users/tobiadegoroye/Library/Developer/Xcode/DerivedData/Itinero-ddatanvrushtpeefdltyxakpvgnm/SourcePackages/checkouts/GoogleUtilities
    builtin-infoPlistUtility /Users/tobiadegoroye/Library/Developer/Xcode/DerivedData/Itinero-ddatanvrushtpeefdltyxakpvgnm/Build/Intermediates.noindex/GoogleUtilities.build/Debug-iphoneos/GoogleUtilities_GoogleUtilities-Network.build/empty-GoogleUtilities_GoogleUtilities-Network.plist -producttype com.apple.product-type.bundle -expandbuildsettings -format binary -platform iphoneos -requiredArchitecture arm64 -o /Users/tobiadegoroye/Library/Developer/Xcode/DerivedData/Itinero-ddatanvrushtpeefdltyxakpvgnm/Build/Products/Debug-iphoneos/GoogleUtilities_GoogleUtilities-Network.bundle/Info.plist

ProcessInfoPlistFile /Users/tobiadegoroye/Library/Developer/Xcode/DerivedData/Itinero-ddatanvrushtpeefdltyxakpvgnm/Build/Products/Debug-iphoneos/GoogleUtilities_GoogleUtilities-NSData.bundle/Info.plist /Users/tobiadegoroye/Library/Developer/Xcode/DerivedData/Itinero-ddatanvrushtpeefdltyxakpvgnm/Build/Intermediates.noindex/GoogleUtilities.build/Debug-iphoneos/GoogleUtilities_GoogleUtilities-NSData.build/empty-GoogleUtilities_GoogleUtilities-NSData.plist (in target 'GoogleUtilities_GoogleUtilities-NSData' from project 'GoogleUtilities')
    cd /Users/tobiadegoroye/Library/Developer/Xcode/DerivedData/Itinero-ddatanvrushtpeefdltyxakpvgnm/SourcePackages/checkouts/GoogleUtilities
    builtin-infoPlistUtility /Users/tobiadegoroye/Library/Developer/Xcode/DerivedData/Itinero-ddatanvrushtpeefdltyxakpvgnm/Build/Intermediates.noindex/GoogleUtilities.build/Debug-iphoneos/GoogleUtilities_GoogleUtilities-NSData.build/empty-GoogleUtilities_GoogleUtilities-NSData.plist -producttype com.apple.product-type.bundle -expandbuildsettings -format binary -platform iphoneos -requiredArchitecture arm64 -o /Users/tobiadegoroye/Library/Developer/Xcode/DerivedData/Itinero-ddatanvrushtpeefdltyxakpvgnm/Build/Products/Debug-iphoneos/GoogleUtilities_GoogleUtilities-NSData.bundle/Info.plist

ProcessInfoPlistFile /Users/tobiadegoroye/Library/Developer/Xcode/DerivedData/Itinero-ddatanvrushtpeefdltyxakpvgnm/Build/Products/Debug-iphoneos/GoogleUtilities_GoogleUtilities-MethodSwizzler.bundle/Info.plist /Users/tobiadegoroye/Library/Developer/Xcode/DerivedData/Itinero-ddatanvrushtpeefdltyxakpvgnm/Build/Intermediates.noindex/GoogleUtilities.build/Debug-iphoneos/GoogleUtilities_GoogleUtilities-MethodSwizzler.build/empty-GoogleUtilities_GoogleUtilities-MethodSwizzler.plist (in target 'GoogleUtilities_GoogleUtilities-MethodSwizzler' from project 'GoogleUtilities')
    cd /Users/tobiadegoroye/Library/Developer/Xcode/DerivedData/Itinero-ddatanvrushtpeefdltyxakpvgnm/SourcePackages/checkouts/GoogleUtilities
    builtin-infoPlistUtility /Users/tobiadegoroye/Library/Developer/Xcode/DerivedData/Itinero-ddatanvrushtpeefdltyxakpvgnm/Build/Intermediates.noindex/GoogleUtilities.build/Debug-iphoneos/GoogleUtilities_GoogleUtilities-MethodSwizzler.build/empty-GoogleUtilities_GoogleUtilities-MethodSwizzler.plist -producttype com.apple.product-type.bundle -expandbuildsettings -format binary -platform iphoneos -requiredArchitecture arm64 -o /Users/tobiadegoroye/Library/Developer/Xcode/DerivedData/Itinero-ddatanvrushtpeefdltyxakpvgnm/Build/Products/Debug-iphoneos/GoogleUtilities_GoogleUtilities-MethodSwizzler.bundle/Info.plist

ProcessInfoPlistFile /Users/tobiadegoroye/Library/Developer/Xcode/DerivedData/Itinero-ddatanvrushtpeefdltyxakpvgnm/Build/Products/Debug-iphoneos/GoogleUtilities_GoogleUtilities-Logger.bundle/Info.plist /Users/tobiadegoroye/Library/Developer/Xcode/DerivedData/Itinero-ddatanvrushtpeefdltyxakpvgnm/Build/Intermediates.noindex/GoogleUtilities.build/Debug-iphoneos/GoogleUtilities_GoogleUtilities-Logger.build/empty-GoogleUtilities_GoogleUtilities-Logger.plist (in target 'GoogleUtilities_GoogleUtilities-Logger' from project 'GoogleUtilities')
    cd /Users/tobiadegoroye/Library/Developer/Xcode/DerivedData/Itinero-ddatanvrushtpeefdltyxakpvgnm/SourcePackages/checkouts/GoogleUtilities
    builtin-infoPlistUtility /Users/tobiadegoroye/Library/Developer/Xcode/DerivedData/Itinero-ddatanvrushtpeefdltyxakpvgnm/Build/Intermediates.noindex/GoogleUtilities.build/Debug-iphoneos/GoogleUtilities_GoogleUtilities-Logger.build/empty-GoogleUtilities_GoogleUtilities-Logger.plist -producttype com.apple.product-type.bundle -expandbuildsettings -format binary -platform iphoneos -requiredArchitecture arm64 -o /Users/tobiadegoroye/Library/Developer/Xcode/DerivedData/Itinero-ddatanvrushtpeefdltyxakpvgnm/Build/Products/Debug-iphoneos/GoogleUtilities_GoogleUtilities-Logger.bundle/Info.plist

ProcessInfoPlistFile /Users/tobiadegoroye/Library/Developer/Xcode/DerivedData/Itinero-ddatanvrushtpeefdltyxakpvgnm/Build/Products/Debug-iphoneos/GoogleUtilities_GoogleUtilities-Environment.bundle/Info.plist /Users/tobiadegoroye/Library/Developer/Xcode/DerivedData/Itinero-ddatanvrushtpeefdltyxakpvgnm/Build/Intermediates.noindex/GoogleUtilities.build/Debug-iphoneos/GoogleUtilities_GoogleUtilities-Environment.build/empty-GoogleUtilities_GoogleUtilities-Environment.plist (in target 'GoogleUtilities_GoogleUtilities-Environment' from project 'GoogleUtilities')
    cd /Users/tobiadegoroye/Library/Developer/Xcode/DerivedData/Itinero-ddatanvrushtpeefdltyxakpvgnm/SourcePackages/checkouts/GoogleUtilities
    builtin-infoPlistUtility /Users/tobiadegoroye/Library/Developer/Xcode/DerivedData/Itinero-ddatanvrushtpeefdltyxakpvgnm/Build/Intermediates.noindex/GoogleUtilities.build/Debug-iphoneos/GoogleUtilities_GoogleUtilities-Environment.build/empty-GoogleUtilities_GoogleUtilities-Environment.plist -producttype com.apple.product-type.bundle -expandbuildsettings -format binary -platform iphoneos -requiredArchitecture arm64 -o /Users/tobiadegoroye/Library/Developer/Xcode/DerivedData/Itinero-ddatanvrushtpeefdltyxakpvgnm/Build/Products/Debug-iphoneos/GoogleUtilities_GoogleUtilities-Environment.bundle/Info.plist

ProcessInfoPlistFile /Users/tobiadegoroye/Library/Developer/Xcode/DerivedData/Itinero-ddatanvrushtpeefdltyxakpvgnm/Build/Products/Debug-iphoneos/GoogleUtilities_GoogleUtilities-AppDelegateSwizzler.bundle/Info.plist /Users/tobiadegoroye/Library/Developer/Xcode/DerivedData/Itinero-ddatanvrushtpeefdltyxakpvgnm/Build/Intermediates.noindex/GoogleUtilities.build/Debug-iphoneos/GoogleUtilities_GoogleUtilities-AppDelegateSwizzler.build/empty-GoogleUtilities_GoogleUtilities-AppDelegateSwizzler.plist (in target 'GoogleUtilities_GoogleUtilities-AppDelegateSwizzler' from project 'GoogleUtilities')
    cd /Users/tobiadegoroye/Library/Developer/Xcode/DerivedData/Itinero-ddatanvrushtpeefdltyxakpvgnm/SourcePackages/checkouts/GoogleUtilities
    builtin-infoPlistUtility /Users/tobiadegoroye/Library/Developer/Xcode/DerivedData/Itinero-ddatanvrushtpeefdltyxakpvgnm/Build/Intermediates.noindex/GoogleUtilities.build/Debug-iphoneos/GoogleUtilities_GoogleUtilities-AppDelegateSwizzler.build/empty-GoogleUtilities_GoogleUtilities-AppDelegateSwizzler.plist -producttype com.apple.product-type.bundle -expandbuildsettings -format binary -platform iphoneos -requiredArchitecture arm64 -o /Users/tobiadegoroye/Library/Developer/Xcode/DerivedData/Itinero-ddatanvrushtpeefdltyxakpvgnm/Build/Products/Debug-iphoneos/GoogleUtilities_GoogleUtilities-AppDelegateSwizzler.bundle/Info.plist

ProcessInfoPlistFile /Users/tobiadegoroye/Library/Developer/Xcode/DerivedData/Itinero-ddatanvrushtpeefdltyxakpvgnm/Build/Products/Debug-iphoneos/Firebase_FirebaseInstallations.bundle/Info.plist /Users/tobiadegoroye/Library/Developer/Xcode/DerivedData/Itinero-ddatanvrushtpeefdltyxakpvgnm/Build/Intermediates.noindex/Firebase.build/Debug-iphoneos/Firebase_FirebaseInstallations.build/empty-Firebase_FirebaseInstallations.plist (in target 'Firebase_FirebaseInstallations' from project 'Firebase')
    cd /Users/tobiadegoroye/Library/Developer/Xcode/DerivedData/Itinero-ddatanvrushtpeefdltyxakpvgnm/SourcePackages/checkouts/firebase-ios-sdk
    builtin-infoPlistUtility /Users/tobiadegoroye/Library/Developer/Xcode/DerivedData/Itinero-ddatanvrushtpeefdltyxakpvgnm/Build/Intermediates.noindex/Firebase.build/Debug-iphoneos/Firebase_FirebaseInstallations.build/empty-Firebase_FirebaseInstallations.plist -producttype com.apple.product-type.bundle -expandbuildsettings -format binary -platform iphoneos -requiredArchitecture arm64 -o /Users/tobiadegoroye/Library/Developer/Xcode/DerivedData/Itinero-ddatanvrushtpeefdltyxakpvgnm/Build/Products/Debug-iphoneos/Firebase_FirebaseInstallations.bundle/Info.plist

ProcessInfoPlistFile /Users/tobiadegoroye/Library/Developer/Xcode/DerivedData/Itinero-ddatanvrushtpeefdltyxakpvgnm/Build/Products/Debug-iphoneos/Firebase_FirebaseCoreInternal.bundle/Info.plist /Users/tobiadegoroye/Library/Developer/Xcode/DerivedData/Itinero-ddatanvrushtpeefdltyxakpvgnm/Build/Intermediates.noindex/Firebase.build/Debug-iphoneos/Firebase_FirebaseCoreInternal.build/empty-Firebase_FirebaseCoreInternal.plist (in target 'Firebase_FirebaseCoreInternal' from project 'Firebase')
    cd /Users/tobiadegoroye/Library/Developer/Xcode/DerivedData/Itinero-ddatanvrushtpeefdltyxakpvgnm/SourcePackages/checkouts/firebase-ios-sdk
    builtin-infoPlistUtility /Users/tobiadegoroye/Library/Developer/Xcode/DerivedData/Itinero-ddatanvrushtpeefdltyxakpvgnm/Build/Intermediates.noindex/Firebase.build/Debug-iphoneos/Firebase_FirebaseCoreInternal.build/empty-Firebase_FirebaseCoreInternal.plist -producttype com.apple.product-type.bundle -expandbuildsettings -format binary -platform iphoneos -requiredArchitecture arm64 -o /Users/tobiadegoroye/Library/Developer/Xcode/DerivedData/Itinero-ddatanvrushtpeefdltyxakpvgnm/Build/Products/Debug-iphoneos/Firebase_FirebaseCoreInternal.bundle/Info.plist

ProcessInfoPlistFile /Users/tobiadegoroye/Library/Developer/Xcode/DerivedData/Itinero-ddatanvrushtpeefdltyxakpvgnm/Build/Products/Debug-iphoneos/Firebase_FirebaseCoreExtension.bundle/Info.plist /Users/tobiadegoroye/Library/Developer/Xcode/DerivedData/Itinero-ddatanvrushtpeefdltyxakpvgnm/Build/Intermediates.noindex/Firebase.build/Debug-iphoneos/Firebase_FirebaseCoreExtension.build/empty-Firebase_FirebaseCoreExtension.plist (in target 'Firebase_FirebaseCoreExtension' from project 'Firebase')
    cd /Users/tobiadegoroye/Library/Developer/Xcode/DerivedData/Itinero-ddatanvrushtpeefdltyxakpvgnm/SourcePackages/checkouts/firebase-ios-sdk
    builtin-infoPlistUtility /Users/tobiadegoroye/Library/Developer/Xcode/DerivedData/Itinero-ddatanvrushtpeefdltyxakpvgnm/Build/Intermediates.noindex/Firebase.build/Debug-iphoneos/Firebase_FirebaseCoreExtension.build/empty-Firebase_FirebaseCoreExtension.plist -producttype com.apple.product-type.bundle -expandbuildsettings -format binary -platform iphoneos -requiredArchitecture arm64 -o /Users/tobiadegoroye/Library/Developer/Xcode/DerivedData/Itinero-ddatanvrushtpeefdltyxakpvgnm/Build/Products/Debug-iphoneos/Firebase_FirebaseCoreExtension.bundle/Info.plist

ProcessInfoPlistFile /Users/tobiadegoroye/Library/Developer/Xcode/DerivedData/Itinero-ddatanvrushtpeefdltyxakpvgnm/Build/Products/Debug-iphoneos/Firebase_FirebaseCore.bundle/Info.plist /Users/tobiadegoroye/Library/Developer/Xcode/DerivedData/Itinero-ddatanvrushtpeefdltyxakpvgnm/Build/Intermediates.noindex/Firebase.build/Debug-iphoneos/Firebase_FirebaseCore.build/empty-Firebase_FirebaseCore.plist (in target 'Firebase_FirebaseCore' from project 'Firebase')
    cd /Users/tobiadegoroye/Library/Developer/Xcode/DerivedData/Itinero-ddatanvrushtpeefdltyxakpvgnm/SourcePackages/checkouts/firebase-ios-sdk
    builtin-infoPlistUtility /Users/tobiadegoroye/Library/Developer/Xcode/DerivedData/Itinero-ddatanvrushtpeefdltyxakpvgnm/Build/Intermediates.noindex/Firebase.build/Debug-iphoneos/Firebase_FirebaseCore.build/empty-Firebase_FirebaseCore.plist -producttype com.apple.product-type.bundle -expandbuildsettings -format binary -platform iphoneos -requiredArchitecture arm64 -o /Users/tobiadegoroye/Library/Developer/Xcode/DerivedData/Itinero-ddatanvrushtpeefdltyxakpvgnm/Build/Products/Debug-iphoneos/Firebase_FirebaseCore.bundle/Info.plist

ProcessInfoPlistFile /Users/tobiadegoroye/Library/Developer/Xcode/DerivedData/Itinero-ddatanvrushtpeefdltyxakpvgnm/Build/Products/Debug-iphoneos/TriplyWidgetExtensionExtension.appex/Info.plist /Users/tobiadegoroye/Developer/SwiftUI/Triply/TriplyWidgetExtension/Info.plist (in target 'TriplyWidgetExtensionExtension' from project 'Itinero')
    cd /Users/tobiadegoroye/Developer/SwiftUI/Triply
    builtin-infoPlistUtility /Users/tobiadegoroye/Developer/SwiftUI/Triply/TriplyWidgetExtension/Info.plist -producttype com.apple.product-type.app-extension -expandbuildsettings -format binary -platform iphoneos -additionalcontentfile /Users/tobiadegoroye/Library/Developer/Xcode/DerivedData/Itinero-ddatanvrushtpeefdltyxakpvgnm/Build/Intermediates.noindex/Itinero.build/Debug-iphoneos/TriplyWidgetExtensionExtension.build/assetcatalog_generated_info.plist -requiredArchitecture arm64 -o /Users/tobiadegoroye/Library/Developer/Xcode/DerivedData/Itinero-ddatanvrushtpeefdltyxakpvgnm/Build/Products/Debug-iphoneos/TriplyWidgetExtensionExtension.appex/Info.plist

ProcessInfoPlistFile /Users/tobiadegoroye/Library/Developer/Xcode/DerivedData/Itinero-ddatanvrushtpeefdltyxakpvgnm/Build/Products/Debug-iphoneos/RevenueCat_RevenueCatUI.bundle/Info.plist /Users/tobiadegoroye/Library/Developer/Xcode/DerivedData/Itinero-ddatanvrushtpeefdltyxakpvgnm/Build/Intermediates.noindex/RevenueCat.build/Debug-iphoneos/RevenueCat_RevenueCatUI.build/empty-RevenueCat_RevenueCatUI.plist (in target 'RevenueCat_RevenueCatUI' from project 'RevenueCat')
    cd /Users/tobiadegoroye/Library/Developer/Xcode/DerivedData/Itinero-ddatanvrushtpeefdltyxakpvgnm/SourcePackages/checkouts/purchases-ios
    builtin-infoPlistUtility /Users/tobiadegoroye/Library/Developer/Xcode/DerivedData/Itinero-ddatanvrushtpeefdltyxakpvgnm/Build/Intermediates.noindex/RevenueCat.build/Debug-iphoneos/RevenueCat_RevenueCatUI.build/empty-RevenueCat_RevenueCatUI.plist -producttype com.apple.product-type.bundle -expandbuildsettings -format binary -platform iphoneos -additionalcontentfile /Users/tobiadegoroye/Library/Developer/Xcode/DerivedData/Itinero-ddatanvrushtpeefdltyxakpvgnm/Build/Intermediates.noindex/RevenueCat.build/Debug-iphoneos/RevenueCat_RevenueCatUI.build/assetcatalog_generated_info.plist -requiredArchitecture arm64 -o /Users/tobiadegoroye/Library/Developer/Xcode/DerivedData/Itinero-ddatanvrushtpeefdltyxakpvgnm/Build/Products/Debug-iphoneos/RevenueCat_RevenueCatUI.bundle/Info.plist

SwiftDriver Itinero normal arm64 com.apple.xcode.tools.swift.compiler (in target 'Itinero' from project 'Itinero')
    cd /Users/tobiadegoroye/Developer/SwiftUI/Triply
    builtin-SwiftDriver -- /Applications/Xcode.app/Contents/Developer/Toolchains/XcodeDefault.xctoolchain/usr/bin/swiftc -module-name Itinero -Onone -enforce-exclusivity\=checked @/Users/tobiadegoroye/Library/Developer/Xcode/DerivedData/Itinero-ddatanvrushtpeefdltyxakpvgnm/Build/Intermediates.noindex/Itinero.build/Debug-iphoneos/Itinero.build/Objects-normal/arm64/Itinero.SwiftFileList -DDEBUG -Xcc -fmodule-map-file\=/Users/tobiadegoroye/Library/Developer/Xcode/DerivedData/Itinero-ddatanvrushtpeefdltyxakpvgnm/Build/Intermediates.noindex/GeneratedModuleMaps-iphoneos/GoogleAppMeasurementIdentitySupportTarget.modulemap -Xcc -fmodule-map-file\=/Users/tobiadegoroye/Library/Developer/Xcode/DerivedData/Itinero-ddatanvrushtpeefdltyxakpvgnm/Build/Intermediates.noindex/GeneratedModuleMaps-iphoneos/FirebaseAnalyticsIdentitySupportTarget.modulemap -Xcc -fmodule-map-file\=/Users/tobiadegoroye/Library/Developer/Xcode/DerivedData/Itinero-ddatanvrushtpeefdltyxakpvgnm/Build/Intermediates.noindex/GeneratedModuleMaps-iphoneos/GoogleAppMeasurementCoreTarget.modulemap -Xcc -fmodule-map-file\=/Users/tobiadegoroye/Library/Developer/Xcode/DerivedData/Itinero-ddatanvrushtpeefdltyxakpvgnm/Build/Intermediates.noindex/GeneratedModuleMaps-iphoneos/FirebaseAnalyticsCoreWrapper.modulemap -Xcc -fmodule-map-file\=/Users/tobiadegoroye/Library/Developer/Xcode/DerivedData/Itinero-ddatanvrushtpeefdltyxakpvgnm/Build/Intermediates.noindex/GeneratedModuleMaps-iphoneos/FirebaseAnalyticsCoreTarget.modulemap -Xcc -fmodule-map-file\=/Users/tobiadegoroye/Library/Developer/Xcode/DerivedData/Itinero-ddatanvrushtpeefdltyxakpvgnm/Build/Intermediates.noindex/GeneratedModuleMaps-iphoneos/GoogleUtilities-UserDefaults.modulemap -Xcc -fmodule-map-file\=/Users/tobiadegoroye/Library/Developer/Xcode/DerivedData/Itinero-ddatanvrushtpeefdltyxakpvgnm/Build/Intermediates.noindex/GeneratedModuleMaps-iphoneos/GoogleAdsOnDeviceConversionTarget.modulemap -Xcc -fmodule-map-file\=/Users/tobiadegoroye/Library/Developer/Xcode/DerivedData/Itinero-ddatanvrushtpeefdltyxakpvgnm/Build/Intermediates.noindex/GeneratedModuleMaps-iphoneos/GoogleAppMeasurementTarget.modulemap -Xcc -fmodule-map-file\=/Users/tobiadegoroye/Library/Developer/Xcode/DerivedData/Itinero-ddatanvrushtpeefdltyxakpvgnm/Build/Intermediates.noindex/GeneratedModuleMaps-iphoneos/GoogleUtilities-AppDelegateSwizzler.modulemap -Xcc -fmodule-map-file\=/Users/tobiadegoroye/Library/Developer/Xcode/DerivedData/Itinero-ddatanvrushtpeefdltyxakpvgnm/Build/Intermediates.noindex/GeneratedModuleMaps-iphoneos/GoogleUtilities-MethodSwizzler.modulemap -Xcc -fmodule-map-file\=/Users/tobiadegoroye/Library/Developer/Xcode/DerivedData/Itinero-ddatanvrushtpeefdltyxakpvgnm/Build/Intermediates.noindex/GeneratedModuleMaps-iphoneos/GoogleUtilities-Reachability.modulemap -Xcc -fmodule-map-file\=/Users/tobiadegoroye/Library/Developer/Xcode/DerivedData/Itinero-ddatanvrushtpeefdltyxakpvgnm/Build/Intermediates.noindex/GeneratedModuleMaps-iphoneos/GoogleUtilities-Network.modulemap -Xcc -fmodule-map-file\=/Users/tobiadegoroye/Library/Developer/Xcode/DerivedData/Itinero-ddatanvrushtpeefdltyxakpvgnm/Build/Intermediates.noindex/GeneratedModuleMaps-iphoneos/nanopb.modulemap -Xcc -fmodule-map-file\=/Users/tobiadegoroye/Library/Developer/Xcode/DerivedData/Itinero-ddatanvrushtpeefdltyxakpvgnm/Build/Intermediates.noindex/GeneratedModuleMaps-iphoneos/FirebaseAnalyticsWrapper.modulemap -Xcc -fmodule-map-file\=/Users/tobiadegoroye/Library/Developer/Xcode/DerivedData/Itinero-ddatanvrushtpeefdltyxakpvgnm/Build/Intermediates.noindex/GeneratedModuleMaps-iphoneos/FirebaseInstallations.modulemap -Xcc -fmodule-map-file\=/Users/tobiadegoroye/Library/Developer/Xcode/DerivedData/Itinero-ddatanvrushtpeefdltyxakpvgnm/Build/Intermediates.noindex/GeneratedModuleMaps-iphoneos/FirebaseAnalyticsTarget.modulemap -Xcc -fmodule-map-file\=/Users/tobiadegoroye/Library/Developer/Xcode/DerivedData/Itinero-ddatanvrushtpeefdltyxakpvgnm/Build/Intermediates.noindex/GeneratedModuleMaps-iphoneos/GoogleUtilities-NSData.modulemap -Xcc -fmodule-map-file\=/Users/tobiadegoroye/Library/Developer/Xcode/DerivedData/Itinero-ddatanvrushtpeefdltyxakpvgnm/Build/Intermediates.noindex/GeneratedModuleMaps-iphoneos/GoogleUtilities-Environment.modulemap -Xcc -fmodule-map-file\=/Users/tobiadegoroye/Library/Developer/Xcode/DerivedData/Itinero-ddatanvrushtpeefdltyxakpvgnm/Build/Intermediates.noindex/GeneratedModuleMaps-iphoneos/third-party-IsAppEncrypted.modulemap -Xcc -fmodule-map-file\=/Users/tobiadegoroye/Library/Developer/Xcode/DerivedData/Itinero-ddatanvrushtpeefdltyxakpvgnm/Build/Intermediates.noindex/GeneratedModuleMaps-iphoneos/GoogleUtilities-Logger.modulemap -Xcc -fmodule-map-file\=/Users/tobiadegoroye/Library/Developer/Xcode/DerivedData/Itinero-ddatanvrushtpeefdltyxakpvgnm/Build/Intermediates.noindex/GeneratedModuleMaps-iphoneos/FirebaseCoreExtension.modulemap -Xcc -fmodule-map-file\=/Users/tobiadegoroye/Library/Developer/Xcode/DerivedData/Itinero-ddatanvrushtpeefdltyxakpvgnm/Build/Intermediates.noindex/GeneratedModuleMaps-iphoneos/FirebaseCore.modulemap -Xcc -fmodule-map-file\=/Users/tobiadegoroye/Library/Developer/Xcode/DerivedData/Itinero-ddatanvrushtpeefdltyxakpvgnm/Build/Intermediates.noindex/GeneratedModuleMaps-iphoneos/FirebaseAuthInterop.modulemap -Xcc -fmodule-map-file\=/Users/tobiadegoroye/Library/Developer/Xcode/DerivedData/Itinero-ddatanvrushtpeefdltyxakpvgnm/Build/Intermediates.noindex/GeneratedModuleMaps-iphoneos/FirebaseAppCheckInterop.modulemap -enable-bare-slash-regex -enable-experimental-feature DebugDescriptionMacro -sdk /Applications/Xcode.app/Contents/Developer/Platforms/iPhoneOS.platform/Developer/SDKs/iPhoneOS26.1.sdk -target arm64-apple-ios17.0 -g -module-cache-path /Users/tobiadegoroye/Library/Developer/Xcode/DerivedData/ModuleCache.noindex -Xfrontend -serialize-debugging-options -enable-testing -index-store-path /Users/tobiadegoroye/Library/Developer/Xcode/DerivedData/Itinero-ddatanvrushtpeefdltyxakpvgnm/Index.noindex/DataStore -Xcc -D_LIBCPP_HARDENING_MODE\=_LIBCPP_HARDENING_MODE_DEBUG -swift-version 5 -I /Users/tobiadegoroye/Library/Developer/Xcode/DerivedData/Itinero-ddatanvrushtpeefdltyxakpvgnm/Build/Products/Debug-iphoneos -F /Users/tobiadegoroye/Library/Developer/Xcode/DerivedData/Itinero-ddatanvrushtpeefdltyxakpvgnm/Build/Products/Debug-iphoneos/PackageFrameworks -F /Users/tobiadegoroye/Library/Developer/Xcode/DerivedData/Itinero-ddatanvrushtpeefdltyxakpvgnm/Build/Products/Debug-iphoneos/PackageFrameworks -F /Users/tobiadegoroye/Library/Developer/Xcode/DerivedData/Itinero-ddatanvrushtpeefdltyxakpvgnm/Build/Products/Debug-iphoneos/PackageFrameworks -F /Users/tobiadegoroye/Library/Developer/Xcode/DerivedData/Itinero-ddatanvrushtpeefdltyxakpvgnm/Build/Products/Debug-iphoneos/PackageFrameworks -F /Users/tobiadegoroye/Library/Developer/Xcode/DerivedData/Itinero-ddatanvrushtpeefdltyxakpvgnm/Build/Products/Debug-iphoneos/PackageFrameworks -F /Users/tobiadegoroye/Library/Developer/Xcode/DerivedData/Itinero-ddatanvrushtpeefdltyxakpvgnm/Build/Products/Debug-iphoneos/PackageFrameworks -F /Users/tobiadegoroye/Library/Developer/Xcode/DerivedData/Itinero-ddatanvrushtpeefdltyxakpvgnm/Build/Products/Debug-iphoneos/PackageFrameworks -F /Users/tobiadegoroye/Library/Developer/Xcode/DerivedData/Itinero-ddatanvrushtpeefdltyxakpvgnm/Build/Products/Debug-iphoneos/PackageFrameworks -F /Users/tobiadegoroye/Library/Developer/Xcode/DerivedData/Itinero-ddatanvrushtpeefdltyxakpvgnm/Build/Products/Debug-iphoneos/PackageFrameworks -F /Users/tobiadegoroye/Library/Developer/Xcode/DerivedData/Itinero-ddatanvrushtpeefdltyxakpvgnm/Build/Products/Debug-iphoneos/PackageFrameworks -F /Users/tobiadegoroye/Library/Developer/Xcode/DerivedData/Itinero-ddatanvrushtpeefdltyxakpvgnm/Build/Products/Debug-iphoneos/PackageFrameworks -F /Users/tobiadegoroye/Library/Developer/Xcode/DerivedData/Itinero-ddatanvrushtpeefdltyxakpvgnm/Build/Products/Debug-iphoneos/PackageFrameworks -F /Users/tobiadegoroye/Library/Developer/Xcode/DerivedData/Itinero-ddatanvrushtpeefdltyxakpvgnm/Build/Products/Debug-iphoneos/PackageFrameworks -F /Users/tobiadegoroye/Library/Developer/Xcode/DerivedData/Itinero-ddatanvrushtpeefdltyxakpvgnm/Build/Products/Debug-iphoneos/PackageFrameworks -F /Users/tobiadegoroye/Library/Developer/Xcode/DerivedData/Itinero-ddatanvrushtpeefdltyxakpvgnm/Build/Products/Debug-iphoneos/PackageFrameworks -F /Users/tobiadegoroye/Library/Developer/Xcode/DerivedData/Itinero-ddatanvrushtpeefdltyxakpvgnm/Build/Products/Debug-iphoneos/PackageFrameworks -F /Users/tobiadegoroye/Library/Developer/Xcode/DerivedData/Itinero-ddatanvrushtpeefdltyxakpvgnm/Build/Products/Debug-iphoneos/PackageFrameworks -F /Users/tobiadegoroye/Library/Developer/Xcode/DerivedData/Itinero-ddatanvrushtpeefdltyxakpvgnm/Build/Products/Debug-iphoneos/PackageFrameworks -F /Users/tobiadegoroye/Library/Developer/Xcode/DerivedData/Itinero-ddatanvrushtpeefdltyxakpvgnm/Build/Products/Debug-iphoneos/PackageFrameworks -F /Users/tobiadegoroye/Library/Developer/Xcode/DerivedData/Itinero-ddatanvrushtpeefdltyxakpvgnm/Build/Products/Debug-iphoneos/PackageFrameworks -F /Users/tobiadegoroye/Library/Developer/Xcode/DerivedData/Itinero-ddatanvrushtpeefdltyxakpvgnm/Build/Products/Debug-iphoneos/PackageFrameworks -F /Users/tobiadegoroye/Library/Developer/Xcode/DerivedData/Itinero-ddatanvrushtpeefdltyxakpvgnm/Build/Products/Debug-iphoneos/PackageFrameworks -F /Users/tobiadegoroye/Library/Developer/Xcode/DerivedData/Itinero-ddatanvrushtpeefdltyxakpvgnm/Build/Products/Debug-iphoneos/PackageFrameworks -F /Users/tobiadegoroye/Library/Developer/Xcode/DerivedData/Itinero-ddatanvrushtpeefdltyxakpvgnm/Build/Products/Debug-iphoneos/PackageFrameworks -F /Users/tobiadegoroye/Library/Developer/Xcode/DerivedData/Itinero-ddatanvrushtpeefdltyxakpvgnm/Build/Products/Debug-iphoneos/PackageFrameworks -F /Users/tobiadegoroye/Library/Developer/Xcode/DerivedData/Itinero-ddatanvrushtpeefdltyxakpvgnm/Build/Products/Debug-iphoneos/PackageFrameworks -F /Users/tobiadegoroye/Library/Developer/Xcode/DerivedData/Itinero-ddatanvrushtpeefdltyxakpvgnm/Build/Products/Debug-iphoneos/PackageFrameworks -F /Users/tobiadegoroye/Library/Developer/Xcode/DerivedData/Itinero-ddatanvrushtpeefdltyxakpvgnm/Build/Products/Debug-iphoneos/PackageFrameworks -F /Users/tobiadegoroye/Library/Developer/Xcode/DerivedData/Itinero-ddatanvrushtpeefdltyxakpvgnm/Build/Products/Debug-iphoneos/PackageFrameworks -F /Users/tobiadegoroye/Library/Developer/Xcode/DerivedData/Itinero-ddatanvrushtpeefdltyxakpvgnm/Build/Products/Debug-iphoneos/PackageFrameworks -F /Users/tobiadegoroye/Library/Developer/Xcode/DerivedData/Itinero-ddatanvrushtpeefdltyxakpvgnm/Build/Products/Debug-iphoneos/PackageFrameworks -F /Users/tobiadegoroye/Library/Developer/Xcode/DerivedData/Itinero-ddatanvrushtpeefdltyxakpvgnm/Build/Products/Debug-iphoneos/PackageFrameworks -F /Users/tobiadegoroye/Library/Developer/Xcode/DerivedData/Itinero-ddatanvrushtpeefdltyxakpvgnm/Build/Products/Debug-iphoneos/PackageFrameworks -F /Users/tobiadegoroye/Library/Developer/Xcode/DerivedData/Itinero-ddatanvrushtpeefdltyxakpvgnm/Build/Products/Debug-iphoneos/PackageFrameworks -F /Users/tobiadegoroye/Library/Developer/Xcode/DerivedData/Itinero-ddatanvrushtpeefdltyxakpvgnm/Build/Products/Debug-iphoneos -c -j10 -enable-batch-mode -incremental -Xcc -ivfsstatcache -Xcc /Users/tobiadegoroye/Library/Developer/Xcode/DerivedData/SDKStatCaches.noindex/iphoneos26.1-23B77-69b33fc7382b27d9b5d46e82a00f8e78.sdkstatcache -output-file-map /Users/tobiadegoroye/Library/Developer/Xcode/DerivedData/Itinero-ddatanvrushtpeefdltyxakpvgnm/Build/Intermediates.noindex/Itinero.build/Debug-iphoneos/Itinero.build/Objects-normal/arm64/Itinero-OutputFileMap.json -use-frontend-parseable-output -save-temps -no-color-diagnostics -explicit-module-build -module-cache-path /Users/tobiadegoroye/Library/Developer/Xcode/DerivedData/Itinero-ddatanvrushtpeefdltyxakpvgnm/Build/Intermediates.noindex/SwiftExplicitPrecompiledModules -clang-scanner-module-cache-path /Users/tobiadegoroye/Library/Developer/Xcode/DerivedData/ModuleCache.noindex -sdk-module-cache-path /Users/tobiadegoroye/Library/Developer/Xcode/DerivedData/ModuleCache.noindex -serialize-diagnostics -emit-dependencies -emit-module -emit-module-path /Users/tobiadegoroye/Library/Developer/Xcode/DerivedData/Itinero-ddatanvrushtpeefdltyxakpvgnm/Build/Intermediates.noindex/Itinero.build/Debug-iphoneos/Itinero.build/Objects-normal/arm64/Itinero.swiftmodule -validate-clang-modules-once -clang-build-session-file /Users/tobiadegoroye/Library/Developer/Xcode/DerivedData/ModuleCache.noindex/Session.modulevalidation -Xcc -I/Users/tobiadegoroye/Library/Developer/Xcode/DerivedData/Itinero-ddatanvrushtpeefdltyxakpvgnm/Build/Intermediates.noindex/Itinero.build/Debug-iphoneos/Itinero.build/swift-overrides.hmap -emit-const-values -Xfrontend -const-gather-protocols-file -Xfrontend /Users/tobiadegoroye/Library/Developer/Xcode/DerivedData/Itinero-ddatanvrushtpeefdltyxakpvgnm/Build/Intermediates.noindex/Itinero.build/Debug-iphoneos/Itinero.build/Objects-normal/arm64/Itinero_const_extract_protocols.json -Xcc -iquote -Xcc /Users/tobiadegoroye/Library/Developer/Xcode/DerivedData/Itinero-ddatanvrushtpeefdltyxakpvgnm/Build/Intermediates.noindex/Itinero.build/Debug-iphoneos/Itinero.build/Itinero-generated-files.hmap -Xcc -I/Users/tobiadegoroye/Library/Developer/Xcode/DerivedData/Itinero-ddatanvrushtpeefdltyxakpvgnm/Build/Intermediates.noindex/Itinero.build/Debug-iphoneos/Itinero.build/Itinero-own-target-headers.hmap -Xcc -I/Users/tobiadegoroye/Library/Developer/Xcode/DerivedData/Itinero-ddatanvrushtpeefdltyxakpvgnm/Build/Intermediates.noindex/Itinero.build/Debug-iphoneos/Itinero.build/Itinero-all-non-framework-target-headers.hmap -Xcc -ivfsoverlay -Xcc /Users/tobiadegoroye/Library/Developer/Xcode/DerivedData/Itinero-ddatanvrushtpeefdltyxakpvgnm/Build/Intermediates.noindex/Itinero.build/Debug-iphoneos/Itinero-6ccf2cd472bd10a46b113a7348446068-VFS-iphoneos/all-product-headers.yaml -Xcc -iquote -Xcc /Users/tobiadegoroye/Library/Developer/Xcode/DerivedData/Itinero-ddatanvrushtpeefdltyxakpvgnm/Build/Intermediates.noindex/Itinero.build/Debug-iphoneos/Itinero.build/Itinero-project-headers.hmap -Xcc -I/Users/tobiadegoroye/Library/Developer/Xcode/DerivedData/Itinero-ddatanvrushtpeefdltyxakpvgnm/SourcePackages/checkouts/GoogleAppMeasurement/GoogleAppMeasurementIdentitySupportWrapper/include -Xcc -I/Users/tobiadegoroye/Library/Developer/Xcode/DerivedData/Itinero-ddatanvrushtpeefdltyxakpvgnm/SourcePackages/checkouts/firebase-ios-sdk/FirebaseAnalyticsIdentitySupportWrapper/include -Xcc -I/Users/tobiadegoroye/Library/Developer/Xcode/DerivedData/Itinero-ddatanvrushtpeefdltyxakpvgnm/SourcePackages/checkouts/GoogleAppMeasurement/GoogleAppMeasurementCoreWrapper/include -Xcc -I/Users/tobiadegoroye/Library/Developer/Xcode/DerivedData/Itinero-ddatanvrushtpeefdltyxakpvgnm/SourcePackages/checkouts/firebase-ios-sdk/FirebaseAnalyticsCoreWrapper/include -Xcc -I/Users/tobiadegoroye/Library/Developer/Xcode/DerivedData/Itinero-ddatanvrushtpeefdltyxakpvgnm/SourcePackages/checkouts/firebase-ios-sdk/SwiftPM-PlatformExclude/FirebaseAnalyticsCoreWrap/include -Xcc -I/Users/tobiadegoroye/Library/Developer/Xcode/DerivedData/Itinero-ddatanvrushtpeefdltyxakpvgnm/SourcePackages/checkouts/promises/Sources/FBLPromises/include -Xcc -I/Users/tobiadegoroye/Library/Developer/Xcode/DerivedData/Itinero-ddatanvrushtpeefdltyxakpvgnm/SourcePackages/checkouts/GoogleUtilities/GoogleUtilities/UserDefaults/Public -Xcc -I/Users/tobiadegoroye/Library/Developer/Xcode/DerivedData/Itinero-ddatanvrushtpeefdltyxakpvgnm/SourcePackages/checkouts/google-ads-on-device-conversion-ios-sdk/GoogleAdsOnDeviceConversionWrapper/include -Xcc -I/Users/tobiadegoroye/Library/Developer/Xcode/DerivedData/Itinero-ddatanvrushtpeefdltyxakpvgnm/SourcePackages/checkouts/GoogleAppMeasurement/GoogleAppMeasurementWrapper/include -Xcc -I/Users/tobiadegoroye/Library/Developer/Xcode/DerivedData/Itinero-ddatanvrushtpeefdltyxakpvgnm/SourcePackages/checkouts/GoogleUtilities/GoogleUtilities/AppDelegateSwizzler/Public -Xcc -I/Users/tobiadegoroye/Library/Developer/Xcode/DerivedData/Itinero-ddatanvrushtpeefdltyxakpvgnm/SourcePackages/checkouts/GoogleUtilities/GoogleUtilities/MethodSwizzler/Public -Xcc -I/Users/tobiadegoroye/Library/Developer/Xcode/DerivedData/Itinero-ddatanvrushtpeefdltyxakpvgnm/SourcePackages/checkouts/GoogleUtilities/GoogleUtilities/Reachability/Public -Xcc -I/Users/tobiadegoroye/Library/Developer/Xcode/DerivedData/Itinero-ddatanvrushtpeefdltyxakpvgnm/SourcePackages/checkouts/GoogleUtilities/GoogleUtilities/Network/Public -Xcc -I/Users/tobiadegoroye/Library/Developer/Xcode/DerivedData/Itinero-ddatanvrushtpeefdltyxakpvgnm/SourcePackages/checkouts/nanopb/spm_headers -Xcc -I/Users/tobiadegoroye/Library/Developer/Xcode/DerivedData/Itinero-ddatanvrushtpeefdltyxakpvgnm/SourcePackages/checkouts/firebase-ios-sdk/FirebaseAnalyticsWrapper/include -Xcc -I/Users/tobiadegoroye/Library/Developer/Xcode/DerivedData/Itinero-ddatanvrushtpeefdltyxakpvgnm/SourcePackages/checkouts/firebase-ios-sdk/FirebaseInstallations/Source/Library/Public -Xcc -I/Users/tobiadegoroye/Library/Developer/Xcode/DerivedData/Itinero-ddatanvrushtpeefdltyxakpvgnm/SourcePackages/checkouts/firebase-ios-sdk/SwiftPM-PlatformExclude/FirebaseAnalyticsWrap/include -Xcc -I/Users/tobiadegoroye/Library/Developer/Xcode/DerivedData/Itinero-ddatanvrushtpeefdltyxakpvgnm/SourcePackages/checkouts/GoogleUtilities/GoogleUtilities/NSData+zlib/Public -Xcc -I/Users/tobiadegoroye/Library/Developer/Xcode/DerivedData/Itinero-ddatanvrushtpeefdltyxakpvgnm/SourcePackages/checkouts/GoogleUtilities/GoogleUtilities/Environment/Public -Xcc -I/Users/tobiadegoroye/Library/Developer/Xcode/DerivedData/Itinero-ddatanvrushtpeefdltyxakpvgnm/SourcePackages/checkouts/GoogleUtilities/third_party/IsAppEncrypted/Public -Xcc -I/Users/tobiadegoroye/Library/Developer/Xcode/DerivedData/Itinero-ddatanvrushtpeefdltyxakpvgnm/SourcePackages/checkouts/GoogleUtilities/GoogleUtilities/Logger/Public -Xcc -I/Users/tobiadegoroye/Library/Developer/Xcode/DerivedData/Itinero-ddatanvrushtpeefdltyxakpvgnm/SourcePackages/checkouts/firebase-ios-sdk/FirebaseCore/Extension -Xcc -I/Users/tobiadegoroye/Library/Developer/Xcode/DerivedData/Itinero-ddatanvrushtpeefdltyxakpvgnm/SourcePackages/checkouts/firebase-ios-sdk/FirebaseCore/Sources/Public -Xcc -I/Users/tobiadegoroye/Library/Developer/Xcode/DerivedData/Itinero-ddatanvrushtpeefdltyxakpvgnm/SourcePackages/checkouts/firebase-ios-sdk/CoreOnly/Sources -Xcc -I/Users/tobiadegoroye/Library/Developer/Xcode/DerivedData/Itinero-ddatanvrushtpeefdltyxakpvgnm/SourcePackages/checkouts/firebase-ios-sdk/FirebaseAuth/Interop/Public -Xcc -I/Users/tobiadegoroye/Library/Developer/Xcode/DerivedData/Itinero-ddatanvrushtpeefdltyxakpvgnm/SourcePackages/checkouts/firebase-ios-sdk/FirebaseAppCheck/Interop/Public -Xcc -I/Users/tobiadegoroye/Library/Developer/Xcode/DerivedData/Itinero-ddatanvrushtpeefdltyxakpvgnm/Build/Products/Debug-iphoneos/include -Xcc -I/Users/tobiadegoroye/Library/Developer/Xcode/DerivedData/Itinero-ddatanvrushtpeefdltyxakpvgnm/Build/Intermediates.noindex/Itinero.build/Debug-iphoneos/Itinero.build/DerivedSources-normal/arm64 -Xcc -I/Users/tobiadegoroye/Library/Developer/Xcode/DerivedData/Itinero-ddatanvrushtpeefdltyxakpvgnm/Build/Intermediates.noindex/Itinero.build/Debug-iphoneos/Itinero.build/DerivedSources/arm64 -Xcc -I/Users/tobiadegoroye/Library/Developer/Xcode/DerivedData/Itinero-ddatanvrushtpeefdltyxakpvgnm/Build/Intermediates.noindex/Itinero.build/Debug-iphoneos/Itinero.build/DerivedSources -Xcc -DDEBUG\=1 -emit-objc-header -emit-objc-header-path /Users/tobiadegoroye/Library/Developer/Xcode/DerivedData/Itinero-ddatanvrushtpeefdltyxakpvgnm/Build/Intermediates.noindex/Itinero.build/Debug-iphoneos/Itinero.build/Objects-normal/arm64/Itinero-Swift.h -working-directory /Users/tobiadegoroye/Developer/SwiftUI/Triply -experimental-emit-module-separately -disable-cmo

CpResource /Users/tobiadegoroye/Library/Developer/Xcode/DerivedData/Itinero-ddatanvrushtpeefdltyxakpvgnm/Build/Products/Debug-iphoneos/Itinero.app/build.log /Users/tobiadegoroye/Developer/SwiftUI/Triply/build.log (in target 'Itinero' from project 'Itinero')
    cd /Users/tobiadegoroye/Developer/SwiftUI/Triply
    builtin-copy -exclude .DS_Store -exclude CVS -exclude .svn -exclude .git -exclude .hg -resolve-src-symlinks /Users/tobiadegoroye/Developer/SwiftUI/Triply/build.log /Users/tobiadegoroye/Library/Developer/Xcode/DerivedData/Itinero-ddatanvrushtpeefdltyxakpvgnm/Build/Products/Debug-iphoneos/Itinero.app

SwiftCompile normal arm64 Compiling\ TripDetailView.swift /Users/tobiadegoroye/Developer/SwiftUI/Triply/Views/TripDetailView.swift (in target 'Itinero' from project 'Itinero')

SwiftCompile normal arm64 /Users/tobiadegoroye/Developer/SwiftUI/Triply/Views/TripDetailView.swift (in target 'Itinero' from project 'Itinero')
    cd /Users/tobiadegoroye/Developer/SwiftUI/Triply
    

SwiftEmitModule normal arm64 Emitting\ module\ for\ Itinero (in target 'Itinero' from project 'Itinero')

EmitSwiftModule normal arm64 (in target 'Itinero' from project 'Itinero')
    cd /Users/tobiadegoroye/Developer/SwiftUI/Triply
    
/Users/tobiadegoroye/Developer/SwiftUI/Triply/Managers/PermissionRequestManager.swift:24:104: warning: 'recordPermission' was deprecated in iOS 17.0: Please use AVAudioApplication recordPermission
    @Published var microphoneStatus: AVAudioSession.RecordPermission = AVAudioSession.sharedInstance().recordPermission
                                                                                                       ^
/Users/tobiadegoroye/Developer/SwiftUI/Triply/Managers/PermissionRequestManager.swift:145:37: warning: conformance of 'PermissionRequestManager' to protocol 'CLLocationManagerDelegate' crosses into main actor-isolated code and can cause data races; this is an error in the Swift 6 language mode
extension PermissionRequestManager: CLLocationManagerDelegate {
                                    ^
/Users/tobiadegoroye/Developer/SwiftUI/Triply/Managers/PermissionRequestManager.swift:145:37: note: isolate this conformance to the main actor with '@MainActor'
extension PermissionRequestManager: CLLocationManagerDelegate {
                                    ^
                                    @MainActor 
/Users/tobiadegoroye/Developer/SwiftUI/Triply/Managers/PermissionRequestManager.swift:145:37: note: turn data races into runtime errors with '@preconcurrency'
extension PermissionRequestManager: CLLocationManagerDelegate {
                                    ^
                                    @preconcurrency 
/Users/tobiadegoroye/Developer/SwiftUI/Triply/Managers/PermissionRequestManager.swift:147:10: note: main actor-isolated instance method 'locationManagerDidChangeAuthorization' cannot satisfy nonisolated requirement
    func locationManagerDidChangeAuthorization(_ manager: CLLocationManager) {
         ^

SwiftDriverJobDiscovery normal arm64 Emitting module for Itinero (in target 'Itinero' from project 'Itinero')

SwiftDriver\ Compilation\ Requirements Itinero normal arm64 com.apple.xcode.tools.swift.compiler (in target 'Itinero' from project 'Itinero')
    cd /Users/tobiadegoroye/Developer/SwiftUI/Triply
    builtin-Swift-Compilation-Requirements -- /Applications/Xcode.app/Contents/Developer/Toolchains/XcodeDefault.xctoolchain/usr/bin/swiftc -module-name Itinero -Onone -enforce-exclusivity\=checked @/Users/tobiadegoroye/Library/Developer/Xcode/DerivedData/Itinero-ddatanvrushtpeefdltyxakpvgnm/Build/Intermediates.noindex/Itinero.build/Debug-iphoneos/Itinero.build/Objects-normal/arm64/Itinero.SwiftFileList -DDEBUG -Xcc -fmodule-map-file\=/Users/tobiadegoroye/Library/Developer/Xcode/DerivedData/Itinero-ddatanvrushtpeefdltyxakpvgnm/Build/Intermediates.noindex/GeneratedModuleMaps-iphoneos/GoogleAppMeasurementIdentitySupportTarget.modulemap -Xcc -fmodule-map-file\=/Users/tobiadegoroye/Library/Developer/Xcode/DerivedData/Itinero-ddatanvrushtpeefdltyxakpvgnm/Build/Intermediates.noindex/GeneratedModuleMaps-iphoneos/FirebaseAnalyticsIdentitySupportTarget.modulemap -Xcc -fmodule-map-file\=/Users/tobiadegoroye/Library/Developer/Xcode/DerivedData/Itinero-ddatanvrushtpeefdltyxakpvgnm/Build/Intermediates.noindex/GeneratedModuleMaps-iphoneos/GoogleAppMeasurementCoreTarget.modulemap -Xcc -fmodule-map-file\=/Users/tobiadegoroye/Library/Developer/Xcode/DerivedData/Itinero-ddatanvrushtpeefdltyxakpvgnm/Build/Intermediates.noindex/GeneratedModuleMaps-iphoneos/FirebaseAnalyticsCoreWrapper.modulemap -Xcc -fmodule-map-file\=/Users/tobiadegoroye/Library/Developer/Xcode/DerivedData/Itinero-ddatanvrushtpeefdltyxakpvgnm/Build/Intermediates.noindex/GeneratedModuleMaps-iphoneos/FirebaseAnalyticsCoreTarget.modulemap -Xcc -fmodule-map-file\=/Users/tobiadegoroye/Library/Developer/Xcode/DerivedData/Itinero-ddatanvrushtpeefdltyxakpvgnm/Build/Intermediates.noindex/GeneratedModuleMaps-iphoneos/GoogleUtilities-UserDefaults.modulemap -Xcc -fmodule-map-file\=/Users/tobiadegoroye/Library/Developer/Xcode/DerivedData/Itinero-ddatanvrushtpeefdltyxakpvgnm/Build/Intermediates.noindex/GeneratedModuleMaps-iphoneos/GoogleAdsOnDeviceConversionTarget.modulemap -Xcc -fmodule-map-file\=/Users/tobiadegoroye/Library/Developer/Xcode/DerivedData/Itinero-ddatanvrushtpeefdltyxakpvgnm/Build/Intermediates.noindex/GeneratedModuleMaps-iphoneos/GoogleAppMeasurementTarget.modulemap -Xcc -fmodule-map-file\=/Users/tobiadegoroye/Library/Developer/Xcode/DerivedData/Itinero-ddatanvrushtpeefdltyxakpvgnm/Build/Intermediates.noindex/GeneratedModuleMaps-iphoneos/GoogleUtilities-AppDelegateSwizzler.modulemap -Xcc -fmodule-map-file\=/Users/tobiadegoroye/Library/Developer/Xcode/DerivedData/Itinero-ddatanvrushtpeefdltyxakpvgnm/Build/Intermediates.noindex/GeneratedModuleMaps-iphoneos/GoogleUtilities-MethodSwizzler.modulemap -Xcc -fmodule-map-file\=/Users/tobiadegoroye/Library/Developer/Xcode/DerivedData/Itinero-ddatanvrushtpeefdltyxakpvgnm/Build/Intermediates.noindex/GeneratedModuleMaps-iphoneos/GoogleUtilities-Reachability.modulemap -Xcc -fmodule-map-file\=/Users/tobiadegoroye/Library/Developer/Xcode/DerivedData/Itinero-ddatanvrushtpeefdltyxakpvgnm/Build/Intermediates.noindex/GeneratedModuleMaps-iphoneos/GoogleUtilities-Network.modulemap -Xcc -fmodule-map-file\=/Users/tobiadegoroye/Library/Developer/Xcode/DerivedData/Itinero-ddatanvrushtpeefdltyxakpvgnm/Build/Intermediates.noindex/GeneratedModuleMaps-iphoneos/nanopb.modulemap -Xcc -fmodule-map-file\=/Users/tobiadegoroye/Library/Developer/Xcode/DerivedData/Itinero-ddatanvrushtpeefdltyxakpvgnm/Build/Intermediates.noindex/GeneratedModuleMaps-iphoneos/FirebaseAnalyticsWrapper.modulemap -Xcc -fmodule-map-file\=/Users/tobiadegoroye/Library/Developer/Xcode/DerivedData/Itinero-ddatanvrushtpeefdltyxakpvgnm/Build/Intermediates.noindex/GeneratedModuleMaps-iphoneos/FirebaseInstallations.modulemap -Xcc -fmodule-map-file\=/Users/tobiadegoroye/Library/Developer/Xcode/DerivedData/Itinero-ddatanvrushtpeefdltyxakpvgnm/Build/Intermediates.noindex/GeneratedModuleMaps-iphoneos/FirebaseAnalyticsTarget.modulemap -Xcc -fmodule-map-file\=/Users/tobiadegoroye/Library/Developer/Xcode/DerivedData/Itinero-ddatanvrushtpeefdltyxakpvgnm/Build/Intermediates.noindex/GeneratedModuleMaps-iphoneos/GoogleUtilities-NSData.modulemap -Xcc -fmodule-map-file\=/Users/tobiadegoroye/Library/Developer/Xcode/DerivedData/Itinero-ddatanvrushtpeefdltyxakpvgnm/Build/Intermediates.noindex/GeneratedModuleMaps-iphoneos/GoogleUtilities-Environment.modulemap -Xcc -fmodule-map-file\=/Users/tobiadegoroye/Library/Developer/Xcode/DerivedData/Itinero-ddatanvrushtpeefdltyxakpvgnm/Build/Intermediates.noindex/GeneratedModuleMaps-iphoneos/third-party-IsAppEncrypted.modulemap -Xcc -fmodule-map-file\=/Users/tobiadegoroye/Library/Developer/Xcode/DerivedData/Itinero-ddatanvrushtpeefdltyxakpvgnm/Build/Intermediates.noindex/GeneratedModuleMaps-iphoneos/GoogleUtilities-Logger.modulemap -Xcc -fmodule-map-file\=/Users/tobiadegoroye/Library/Developer/Xcode/DerivedData/Itinero-ddatanvrushtpeefdltyxakpvgnm/Build/Intermediates.noindex/GeneratedModuleMaps-iphoneos/FirebaseCoreExtension.modulemap -Xcc -fmodule-map-file\=/Users/tobiadegoroye/Library/Developer/Xcode/DerivedData/Itinero-ddatanvrushtpeefdltyxakpvgnm/Build/Intermediates.noindex/GeneratedModuleMaps-iphoneos/FirebaseCore.modulemap -Xcc -fmodule-map-file\=/Users/tobiadegoroye/Library/Developer/Xcode/DerivedData/Itinero-ddatanvrushtpeefdltyxakpvgnm/Build/Intermediates.noindex/GeneratedModuleMaps-iphoneos/FirebaseAuthInterop.modulemap -Xcc -fmodule-map-file\=/Users/tobiadegoroye/Library/Developer/Xcode/DerivedData/Itinero-ddatanvrushtpeefdltyxakpvgnm/Build/Intermediates.noindex/GeneratedModuleMaps-iphoneos/FirebaseAppCheckInterop.modulemap -enable-bare-slash-regex -enable-experimental-feature DebugDescriptionMacro -sdk /Applications/Xcode.app/Contents/Developer/Platforms/iPhoneOS.platform/Developer/SDKs/iPhoneOS26.1.sdk -target arm64-apple-ios17.0 -g -module-cache-path /Users/tobiadegoroye/Library/Developer/Xcode/DerivedData/ModuleCache.noindex -Xfrontend -serialize-debugging-options -enable-testing -index-store-path /Users/tobiadegoroye/Library/Developer/Xcode/DerivedData/Itinero-ddatanvrushtpeefdltyxakpvgnm/Index.noindex/DataStore -Xcc -D_LIBCPP_HARDENING_MODE\=_LIBCPP_HARDENING_MODE_DEBUG -swift-version 5 -I /Users/tobiadegoroye/Library/Developer/Xcode/DerivedData/Itinero-ddatanvrushtpeefdltyxakpvgnm/Build/Products/Debug-iphoneos -F /Users/tobiadegoroye/Library/Developer/Xcode/DerivedData/Itinero-ddatanvrushtpeefdltyxakpvgnm/Build/Products/Debug-iphoneos/PackageFrameworks -F /Users/tobiadegoroye/Library/Developer/Xcode/DerivedData/Itinero-ddatanvrushtpeefdltyxakpvgnm/Build/Products/Debug-iphoneos/PackageFrameworks -F /Users/tobiadegoroye/Library/Developer/Xcode/DerivedData/Itinero-ddatanvrushtpeefdltyxakpvgnm/Build/Products/Debug-iphoneos/PackageFrameworks -F /Users/tobiadegoroye/Library/Developer/Xcode/DerivedData/Itinero-ddatanvrushtpeefdltyxakpvgnm/Build/Products/Debug-iphoneos/PackageFrameworks -F /Users/tobiadegoroye/Library/Developer/Xcode/DerivedData/Itinero-ddatanvrushtpeefdltyxakpvgnm/Build/Products/Debug-iphoneos/PackageFrameworks -F /Users/tobiadegoroye/Library/Developer/Xcode/DerivedData/Itinero-ddatanvrushtpeefdltyxakpvgnm/Build/Products/Debug-iphoneos/PackageFrameworks -F /Users/tobiadegoroye/Library/Developer/Xcode/DerivedData/Itinero-ddatanvrushtpeefdltyxakpvgnm/Build/Products/Debug-iphoneos/PackageFrameworks -F /Users/tobiadegoroye/Library/Developer/Xcode/DerivedData/Itinero-ddatanvrushtpeefdltyxakpvgnm/Build/Products/Debug-iphoneos/PackageFrameworks -F /Users/tobiadegoroye/Library/Developer/Xcode/DerivedData/Itinero-ddatanvrushtpeefdltyxakpvgnm/Build/Products/Debug-iphoneos/PackageFrameworks -F /Users/tobiadegoroye/Library/Developer/Xcode/DerivedData/Itinero-ddatanvrushtpeefdltyxakpvgnm/Build/Products/Debug-iphoneos/PackageFrameworks -F /Users/tobiadegoroye/Library/Developer/Xcode/DerivedData/Itinero-ddatanvrushtpeefdltyxakpvgnm/Build/Products/Debug-iphoneos/PackageFrameworks -F /Users/tobiadegoroye/Library/Developer/Xcode/DerivedData/Itinero-ddatanvrushtpeefdltyxakpvgnm/Build/Products/Debug-iphoneos/PackageFrameworks -F /Users/tobiadegoroye/Library/Developer/Xcode/DerivedData/Itinero-ddatanvrushtpeefdltyxakpvgnm/Build/Products/Debug-iphoneos/PackageFrameworks -F /Users/tobiadegoroye/Library/Developer/Xcode/DerivedData/Itinero-ddatanvrushtpeefdltyxakpvgnm/Build/Products/Debug-iphoneos/PackageFrameworks -F /Users/tobiadegoroye/Library/Developer/Xcode/DerivedData/Itinero-ddatanvrushtpeefdltyxakpvgnm/Build/Products/Debug-iphoneos/PackageFrameworks -F /Users/tobiadegoroye/Library/Developer/Xcode/DerivedData/Itinero-ddatanvrushtpeefdltyxakpvgnm/Build/Products/Debug-iphoneos/PackageFrameworks -F /Users/tobiadegoroye/Library/Developer/Xcode/DerivedData/Itinero-ddatanvrushtpeefdltyxakpvgnm/Build/Products/Debug-iphoneos/PackageFrameworks -F /Users/tobiadegoroye/Library/Developer/Xcode/DerivedData/Itinero-ddatanvrushtpeefdltyxakpvgnm/Build/Products/Debug-iphoneos/PackageFrameworks -F /Users/tobiadegoroye/Library/Developer/Xcode/DerivedData/Itinero-ddatanvrushtpeefdltyxakpvgnm/Build/Products/Debug-iphoneos/PackageFrameworks -F /Users/tobiadegoroye/Library/Developer/Xcode/DerivedData/Itinero-ddatanvrushtpeefdltyxakpvgnm/Build/Products/Debug-iphoneos/PackageFrameworks -F /Users/tobiadegoroye/Library/Developer/Xcode/DerivedData/Itinero-ddatanvrushtpeefdltyxakpvgnm/Build/Products/Debug-iphoneos/PackageFrameworks -F /Users/tobiadegoroye/Library/Developer/Xcode/DerivedData/Itinero-ddatanvrushtpeefdltyxakpvgnm/Build/Products/Debug-iphoneos/PackageFrameworks -F /Users/tobiadegoroye/Library/Developer/Xcode/DerivedData/Itinero-ddatanvrushtpeefdltyxakpvgnm/Build/Products/Debug-iphoneos/PackageFrameworks -F /Users/tobiadegoroye/Library/Developer/Xcode/DerivedData/Itinero-ddatanvrushtpeefdltyxakpvgnm/Build/Products/Debug-iphoneos/PackageFrameworks -F /Users/tobiadegoroye/Library/Developer/Xcode/DerivedData/Itinero-ddatanvrushtpeefdltyxakpvgnm/Build/Products/Debug-iphoneos/PackageFrameworks -F /Users/tobiadegoroye/Library/Developer/Xcode/DerivedData/Itinero-ddatanvrushtpeefdltyxakpvgnm/Build/Products/Debug-iphoneos/PackageFrameworks -F /Users/tobiadegoroye/Library/Developer/Xcode/DerivedData/Itinero-ddatanvrushtpeefdltyxakpvgnm/Build/Products/Debug-iphoneos/PackageFrameworks -F /Users/tobiadegoroye/Library/Developer/Xcode/DerivedData/Itinero-ddatanvrushtpeefdltyxakpvgnm/Build/Products/Debug-iphoneos/PackageFrameworks -F /Users/tobiadegoroye/Library/Developer/Xcode/DerivedData/Itinero-ddatanvrushtpeefdltyxakpvgnm/Build/Products/Debug-iphoneos/PackageFrameworks -F /Users/tobiadegoroye/Library/Developer/Xcode/DerivedData/Itinero-ddatanvrushtpeefdltyxakpvgnm/Build/Products/Debug-iphoneos/PackageFrameworks -F /Users/tobiadegoroye/Library/Developer/Xcode/DerivedData/Itinero-ddatanvrushtpeefdltyxakpvgnm/Build/Products/Debug-iphoneos/PackageFrameworks -F /Users/tobiadegoroye/Library/Developer/Xcode/DerivedData/Itinero-ddatanvrushtpeefdltyxakpvgnm/Build/Products/Debug-iphoneos/PackageFrameworks -F /Users/tobiadegoroye/Library/Developer/Xcode/DerivedData/Itinero-ddatanvrushtpeefdltyxakpvgnm/Build/Products/Debug-iphoneos/PackageFrameworks -F /Users/tobiadegoroye/Library/Developer/Xcode/DerivedData/Itinero-ddatanvrushtpeefdltyxakpvgnm/Build/Products/Debug-iphoneos/PackageFrameworks -F /Users/tobiadegoroye/Library/Developer/Xcode/DerivedData/Itinero-ddatanvrushtpeefdltyxakpvgnm/Build/Products/Debug-iphoneos -c -j10 -enable-batch-mode -incremental -Xcc -ivfsstatcache -Xcc /Users/tobiadegoroye/Library/Developer/Xcode/DerivedData/SDKStatCaches.noindex/iphoneos26.1-23B77-69b33fc7382b27d9b5d46e82a00f8e78.sdkstatcache -output-file-map /Users/tobiadegoroye/Library/Developer/Xcode/DerivedData/Itinero-ddatanvrushtpeefdltyxakpvgnm/Build/Intermediates.noindex/Itinero.build/Debug-iphoneos/Itinero.build/Objects-normal/arm64/Itinero-OutputFileMap.json -use-frontend-parseable-output -save-temps -no-color-diagnostics -explicit-module-build -module-cache-path /Users/tobiadegoroye/Library/Developer/Xcode/DerivedData/Itinero-ddatanvrushtpeefdltyxakpvgnm/Build/Intermediates.noindex/SwiftExplicitPrecompiledModules -clang-scanner-module-cache-path /Users/tobiadegoroye/Library/Developer/Xcode/DerivedData/ModuleCache.noindex -sdk-module-cache-path /Users/tobiadegoroye/Library/Developer/Xcode/DerivedData/ModuleCache.noindex -serialize-diagnostics -emit-dependencies -emit-module -emit-module-path /Users/tobiadegoroye/Library/Developer/Xcode/DerivedData/Itinero-ddatanvrushtpeefdltyxakpvgnm/Build/Intermediates.noindex/Itinero.build/Debug-iphoneos/Itinero.build/Objects-normal/arm64/Itinero.swiftmodule -validate-clang-modules-once -clang-build-session-file /Users/tobiadegoroye/Library/Developer/Xcode/DerivedData/ModuleCache.noindex/Session.modulevalidation -Xcc -I/Users/tobiadegoroye/Library/Developer/Xcode/DerivedData/Itinero-ddatanvrushtpeefdltyxakpvgnm/Build/Intermediates.noindex/Itinero.build/Debug-iphoneos/Itinero.build/swift-overrides.hmap -emit-const-values -Xfrontend -const-gather-protocols-file -Xfrontend /Users/tobiadegoroye/Library/Developer/Xcode/DerivedData/Itinero-ddatanvrushtpeefdltyxakpvgnm/Build/Intermediates.noindex/Itinero.build/Debug-iphoneos/Itinero.build/Objects-normal/arm64/Itinero_const_extract_protocols.json -Xcc -iquote -Xcc /Users/tobiadegoroye/Library/Developer/Xcode/DerivedData/Itinero-ddatanvrushtpeefdltyxakpvgnm/Build/Intermediates.noindex/Itinero.build/Debug-iphoneos/Itinero.build/Itinero-generated-files.hmap -Xcc -I/Users/tobiadegoroye/Library/Developer/Xcode/DerivedData/Itinero-ddatanvrushtpeefdltyxakpvgnm/Build/Intermediates.noindex/Itinero.build/Debug-iphoneos/Itinero.build/Itinero-own-target-headers.hmap -Xcc -I/Users/tobiadegoroye/Library/Developer/Xcode/DerivedData/Itinero-ddatanvrushtpeefdltyxakpvgnm/Build/Intermediates.noindex/Itinero.build/Debug-iphoneos/Itinero.build/Itinero-all-non-framework-target-headers.hmap -Xcc -ivfsoverlay -Xcc /Users/tobiadegoroye/Library/Developer/Xcode/DerivedData/Itinero-ddatanvrushtpeefdltyxakpvgnm/Build/Intermediates.noindex/Itinero.build/Debug-iphoneos/Itinero-6ccf2cd472bd10a46b113a7348446068-VFS-iphoneos/all-product-headers.yaml -Xcc -iquote -Xcc /Users/tobiadegoroye/Library/Developer/Xcode/DerivedData/Itinero-ddatanvrushtpeefdltyxakpvgnm/Build/Intermediates.noindex/Itinero.build/Debug-iphoneos/Itinero.build/Itinero-project-headers.hmap -Xcc -I/Users/tobiadegoroye/Library/Developer/Xcode/DerivedData/Itinero-ddatanvrushtpeefdltyxakpvgnm/SourcePackages/checkouts/GoogleAppMeasurement/GoogleAppMeasurementIdentitySupportWrapper/include -Xcc -I/Users/tobiadegoroye/Library/Developer/Xcode/DerivedData/Itinero-ddatanvrushtpeefdltyxakpvgnm/SourcePackages/checkouts/firebase-ios-sdk/FirebaseAnalyticsIdentitySupportWrapper/include -Xcc -I/Users/tobiadegoroye/Library/Developer/Xcode/DerivedData/Itinero-ddatanvrushtpeefdltyxakpvgnm/SourcePackages/checkouts/GoogleAppMeasurement/GoogleAppMeasurementCoreWrapper/include -Xcc -I/Users/tobiadegoroye/Library/Developer/Xcode/DerivedData/Itinero-ddatanvrushtpeefdltyxakpvgnm/SourcePackages/checkouts/firebase-ios-sdk/FirebaseAnalyticsCoreWrapper/include -Xcc -I/Users/tobiadegoroye/Library/Developer/Xcode/DerivedData/Itinero-ddatanvrushtpeefdltyxakpvgnm/SourcePackages/checkouts/firebase-ios-sdk/SwiftPM-PlatformExclude/FirebaseAnalyticsCoreWrap/include -Xcc -I/Users/tobiadegoroye/Library/Developer/Xcode/DerivedData/Itinero-ddatanvrushtpeefdltyxakpvgnm/SourcePackages/checkouts/promises/Sources/FBLPromises/include -Xcc -I/Users/tobiadegoroye/Library/Developer/Xcode/DerivedData/Itinero-ddatanvrushtpeefdltyxakpvgnm/SourcePackages/checkouts/GoogleUtilities/GoogleUtilities/UserDefaults/Public -Xcc -I/Users/tobiadegoroye/Library/Developer/Xcode/DerivedData/Itinero-ddatanvrushtpeefdltyxakpvgnm/SourcePackages/checkouts/google-ads-on-device-conversion-ios-sdk/GoogleAdsOnDeviceConversionWrapper/include -Xcc -I/Users/tobiadegoroye/Library/Developer/Xcode/DerivedData/Itinero-ddatanvrushtpeefdltyxakpvgnm/SourcePackages/checkouts/GoogleAppMeasurement/GoogleAppMeasurementWrapper/include -Xcc -I/Users/tobiadegoroye/Library/Developer/Xcode/DerivedData/Itinero-ddatanvrushtpeefdltyxakpvgnm/SourcePackages/checkouts/GoogleUtilities/GoogleUtilities/AppDelegateSwizzler/Public -Xcc -I/Users/tobiadegoroye/Library/Developer/Xcode/DerivedData/Itinero-ddatanvrushtpeefdltyxakpvgnm/SourcePackages/checkouts/GoogleUtilities/GoogleUtilities/MethodSwizzler/Public -Xcc -I/Users/tobiadegoroye/Library/Developer/Xcode/DerivedData/Itinero-ddatanvrushtpeefdltyxakpvgnm/SourcePackages/checkouts/GoogleUtilities/GoogleUtilities/Reachability/Public -Xcc -I/Users/tobiadegoroye/Library/Developer/Xcode/DerivedData/Itinero-ddatanvrushtpeefdltyxakpvgnm/SourcePackages/checkouts/GoogleUtilities/GoogleUtilities/Network/Public -Xcc -I/Users/tobiadegoroye/Library/Developer/Xcode/DerivedData/Itinero-ddatanvrushtpeefdltyxakpvgnm/SourcePackages/checkouts/nanopb/spm_headers -Xcc -I/Users/tobiadegoroye/Library/Developer/Xcode/DerivedData/Itinero-ddatanvrushtpeefdltyxakpvgnm/SourcePackages/checkouts/firebase-ios-sdk/FirebaseAnalyticsWrapper/include -Xcc -I/Users/tobiadegoroye/Library/Developer/Xcode/DerivedData/Itinero-ddatanvrushtpeefdltyxakpvgnm/SourcePackages/checkouts/firebase-ios-sdk/FirebaseInstallations/Source/Library/Public -Xcc -I/Users/tobiadegoroye/Library/Developer/Xcode/DerivedData/Itinero-ddatanvrushtpeefdltyxakpvgnm/SourcePackages/checkouts/firebase-ios-sdk/SwiftPM-PlatformExclude/FirebaseAnalyticsWrap/include -Xcc -I/Users/tobiadegoroye/Library/Developer/Xcode/DerivedData/Itinero-ddatanvrushtpeefdltyxakpvgnm/SourcePackages/checkouts/GoogleUtilities/GoogleUtilities/NSData+zlib/Public -Xcc -I/Users/tobiadegoroye/Library/Developer/Xcode/DerivedData/Itinero-ddatanvrushtpeefdltyxakpvgnm/SourcePackages/checkouts/GoogleUtilities/GoogleUtilities/Environment/Public -Xcc -I/Users/tobiadegoroye/Library/Developer/Xcode/DerivedData/Itinero-ddatanvrushtpeefdltyxakpvgnm/SourcePackages/checkouts/GoogleUtilities/third_party/IsAppEncrypted/Public -Xcc -I/Users/tobiadegoroye/Library/Developer/Xcode/DerivedData/Itinero-ddatanvrushtpeefdltyxakpvgnm/SourcePackages/checkouts/GoogleUtilities/GoogleUtilities/Logger/Public -Xcc -I/Users/tobiadegoroye/Library/Developer/Xcode/DerivedData/Itinero-ddatanvrushtpeefdltyxakpvgnm/SourcePackages/checkouts/firebase-ios-sdk/FirebaseCore/Extension -Xcc -I/Users/tobiadegoroye/Library/Developer/Xcode/DerivedData/Itinero-ddatanvrushtpeefdltyxakpvgnm/SourcePackages/checkouts/firebase-ios-sdk/FirebaseCore/Sources/Public -Xcc -I/Users/tobiadegoroye/Library/Developer/Xcode/DerivedData/Itinero-ddatanvrushtpeefdltyxakpvgnm/SourcePackages/checkouts/firebase-ios-sdk/CoreOnly/Sources -Xcc -I/Users/tobiadegoroye/Library/Developer/Xcode/DerivedData/Itinero-ddatanvrushtpeefdltyxakpvgnm/SourcePackages/checkouts/firebase-ios-sdk/FirebaseAuth/Interop/Public -Xcc -I/Users/tobiadegoroye/Library/Developer/Xcode/DerivedData/Itinero-ddatanvrushtpeefdltyxakpvgnm/SourcePackages/checkouts/firebase-ios-sdk/FirebaseAppCheck/Interop/Public -Xcc -I/Users/tobiadegoroye/Library/Developer/Xcode/DerivedData/Itinero-ddatanvrushtpeefdltyxakpvgnm/Build/Products/Debug-iphoneos/include -Xcc -I/Users/tobiadegoroye/Library/Developer/Xcode/DerivedData/Itinero-ddatanvrushtpeefdltyxakpvgnm/Build/Intermediates.noindex/Itinero.build/Debug-iphoneos/Itinero.build/DerivedSources-normal/arm64 -Xcc -I/Users/tobiadegoroye/Library/Developer/Xcode/DerivedData/Itinero-ddatanvrushtpeefdltyxakpvgnm/Build/Intermediates.noindex/Itinero.build/Debug-iphoneos/Itinero.build/DerivedSources/arm64 -Xcc -I/Users/tobiadegoroye/Library/Developer/Xcode/DerivedData/Itinero-ddatanvrushtpeefdltyxakpvgnm/Build/Intermediates.noindex/Itinero.build/Debug-iphoneos/Itinero.build/DerivedSources -Xcc -DDEBUG\=1 -emit-objc-header -emit-objc-header-path /Users/tobiadegoroye/Library/Developer/Xcode/DerivedData/Itinero-ddatanvrushtpeefdltyxakpvgnm/Build/Intermediates.noindex/Itinero.build/Debug-iphoneos/Itinero.build/Objects-normal/arm64/Itinero-Swift.h -working-directory /Users/tobiadegoroye/Developer/SwiftUI/Triply -experimental-emit-module-separately -disable-cmo

Copy /Users/tobiadegoroye/Library/Developer/Xcode/DerivedData/Itinero-ddatanvrushtpeefdltyxakpvgnm/Build/Products/Debug-iphoneos/Itinero.swiftmodule/arm64-apple-ios.swiftmodule /Users/tobiadegoroye/Library/Developer/Xcode/DerivedData/Itinero-ddatanvrushtpeefdltyxakpvgnm/Build/Intermediates.noindex/Itinero.build/Debug-iphoneos/Itinero.build/Objects-normal/arm64/Itinero.swiftmodule (in target 'Itinero' from project 'Itinero')
    cd /Users/tobiadegoroye/Developer/SwiftUI/Triply
    builtin-copy -exclude .DS_Store -exclude CVS -exclude .svn -exclude .git -exclude .hg -resolve-src-symlinks -rename /Users/tobiadegoroye/Library/Developer/Xcode/DerivedData/Itinero-ddatanvrushtpeefdltyxakpvgnm/Build/Intermediates.noindex/Itinero.build/Debug-iphoneos/Itinero.build/Objects-normal/arm64/Itinero.swiftmodule /Users/tobiadegoroye/Library/Developer/Xcode/DerivedData/Itinero-ddatanvrushtpeefdltyxakpvgnm/Build/Products/Debug-iphoneos/Itinero.swiftmodule/arm64-apple-ios.swiftmodule

Copy /Users/tobiadegoroye/Library/Developer/Xcode/DerivedData/Itinero-ddatanvrushtpeefdltyxakpvgnm/Build/Products/Debug-iphoneos/Itinero.swiftmodule/arm64-apple-ios.abi.json /Users/tobiadegoroye/Library/Developer/Xcode/DerivedData/Itinero-ddatanvrushtpeefdltyxakpvgnm/Build/Intermediates.noindex/Itinero.build/Debug-iphoneos/Itinero.build/Objects-normal/arm64/Itinero.abi.json (in target 'Itinero' from project 'Itinero')
    cd /Users/tobiadegoroye/Developer/SwiftUI/Triply
    builtin-copy -exclude .DS_Store -exclude CVS -exclude .svn -exclude .git -exclude .hg -resolve-src-symlinks -rename /Users/tobiadegoroye/Library/Developer/Xcode/DerivedData/Itinero-ddatanvrushtpeefdltyxakpvgnm/Build/Intermediates.noindex/Itinero.build/Debug-iphoneos/Itinero.build/Objects-normal/arm64/Itinero.abi.json /Users/tobiadegoroye/Library/Developer/Xcode/DerivedData/Itinero-ddatanvrushtpeefdltyxakpvgnm/Build/Products/Debug-iphoneos/Itinero.swiftmodule/arm64-apple-ios.abi.json

Copy /Users/tobiadegoroye/Library/Developer/Xcode/DerivedData/Itinero-ddatanvrushtpeefdltyxakpvgnm/Build/Products/Debug-iphoneos/Itinero.swiftmodule/Project/arm64-apple-ios.swiftsourceinfo /Users/tobiadegoroye/Library/Developer/Xcode/DerivedData/Itinero-ddatanvrushtpeefdltyxakpvgnm/Build/Intermediates.noindex/Itinero.build/Debug-iphoneos/Itinero.build/Objects-normal/arm64/Itinero.swiftsourceinfo (in target 'Itinero' from project 'Itinero')
    cd /Users/tobiadegoroye/Developer/SwiftUI/Triply
    builtin-copy -exclude .DS_Store -exclude CVS -exclude .svn -exclude .git -exclude .hg -resolve-src-symlinks -rename /Users/tobiadegoroye/Library/Developer/Xcode/DerivedData/Itinero-ddatanvrushtpeefdltyxakpvgnm/Build/Intermediates.noindex/Itinero.build/Debug-iphoneos/Itinero.build/Objects-normal/arm64/Itinero.swiftsourceinfo /Users/tobiadegoroye/Library/Developer/Xcode/DerivedData/Itinero-ddatanvrushtpeefdltyxakpvgnm/Build/Products/Debug-iphoneos/Itinero.swiftmodule/Project/arm64-apple-ios.swiftsourceinfo

SwiftDriverJobDiscovery normal arm64 Compiling TripDetailView.swift (in target 'Itinero' from project 'Itinero')

SwiftDriver\ Compilation Itinero normal arm64 com.apple.xcode.tools.swift.compiler (in target 'Itinero' from project 'Itinero')
    cd /Users/tobiadegoroye/Developer/SwiftUI/Triply
    builtin-Swift-Compilation -- /Applications/Xcode.app/Contents/Developer/Toolchains/XcodeDefault.xctoolchain/usr/bin/swiftc -module-name Itinero -Onone -enforce-exclusivity\=checked @/Users/tobiadegoroye/Library/Developer/Xcode/DerivedData/Itinero-ddatanvrushtpeefdltyxakpvgnm/Build/Intermediates.noindex/Itinero.build/Debug-iphoneos/Itinero.build/Objects-normal/arm64/Itinero.SwiftFileList -DDEBUG -Xcc -fmodule-map-file\=/Users/tobiadegoroye/Library/Developer/Xcode/DerivedData/Itinero-ddatanvrushtpeefdltyxakpvgnm/Build/Intermediates.noindex/GeneratedModuleMaps-iphoneos/GoogleAppMeasurementIdentitySupportTarget.modulemap -Xcc -fmodule-map-file\=/Users/tobiadegoroye/Library/Developer/Xcode/DerivedData/Itinero-ddatanvrushtpeefdltyxakpvgnm/Build/Intermediates.noindex/GeneratedModuleMaps-iphoneos/FirebaseAnalyticsIdentitySupportTarget.modulemap -Xcc -fmodule-map-file\=/Users/tobiadegoroye/Library/Developer/Xcode/DerivedData/Itinero-ddatanvrushtpeefdltyxakpvgnm/Build/Intermediates.noindex/GeneratedModuleMaps-iphoneos/GoogleAppMeasurementCoreTarget.modulemap -Xcc -fmodule-map-file\=/Users/tobiadegoroye/Library/Developer/Xcode/DerivedData/Itinero-ddatanvrushtpeefdltyxakpvgnm/Build/Intermediates.noindex/GeneratedModuleMaps-iphoneos/FirebaseAnalyticsCoreWrapper.modulemap -Xcc -fmodule-map-file\=/Users/tobiadegoroye/Library/Developer/Xcode/DerivedData/Itinero-ddatanvrushtpeefdltyxakpvgnm/Build/Intermediates.noindex/GeneratedModuleMaps-iphoneos/FirebaseAnalyticsCoreTarget.modulemap -Xcc -fmodule-map-file\=/Users/tobiadegoroye/Library/Developer/Xcode/DerivedData/Itinero-ddatanvrushtpeefdltyxakpvgnm/Build/Intermediates.noindex/GeneratedModuleMaps-iphoneos/GoogleUtilities-UserDefaults.modulemap -Xcc -fmodule-map-file\=/Users/tobiadegoroye/Library/Developer/Xcode/DerivedData/Itinero-ddatanvrushtpeefdltyxakpvgnm/Build/Intermediates.noindex/GeneratedModuleMaps-iphoneos/GoogleAdsOnDeviceConversionTarget.modulemap -Xcc -fmodule-map-file\=/Users/tobiadegoroye/Library/Developer/Xcode/DerivedData/Itinero-ddatanvrushtpeefdltyxakpvgnm/Build/Intermediates.noindex/GeneratedModuleMaps-iphoneos/GoogleAppMeasurementTarget.modulemap -Xcc -fmodule-map-file\=/Users/tobiadegoroye/Library/Developer/Xcode/DerivedData/Itinero-ddatanvrushtpeefdltyxakpvgnm/Build/Intermediates.noindex/GeneratedModuleMaps-iphoneos/GoogleUtilities-AppDelegateSwizzler.modulemap -Xcc -fmodule-map-file\=/Users/tobiadegoroye/Library/Developer/Xcode/DerivedData/Itinero-ddatanvrushtpeefdltyxakpvgnm/Build/Intermediates.noindex/GeneratedModuleMaps-iphoneos/GoogleUtilities-MethodSwizzler.modulemap -Xcc -fmodule-map-file\=/Users/tobiadegoroye/Library/Developer/Xcode/DerivedData/Itinero-ddatanvrushtpeefdltyxakpvgnm/Build/Intermediates.noindex/GeneratedModuleMaps-iphoneos/GoogleUtilities-Reachability.modulemap -Xcc -fmodule-map-file\=/Users/tobiadegoroye/Library/Developer/Xcode/DerivedData/Itinero-ddatanvrushtpeefdltyxakpvgnm/Build/Intermediates.noindex/GeneratedModuleMaps-iphoneos/GoogleUtilities-Network.modulemap -Xcc -fmodule-map-file\=/Users/tobiadegoroye/Library/Developer/Xcode/DerivedData/Itinero-ddatanvrushtpeefdltyxakpvgnm/Build/Intermediates.noindex/GeneratedModuleMaps-iphoneos/nanopb.modulemap -Xcc -fmodule-map-file\=/Users/tobiadegoroye/Library/Developer/Xcode/DerivedData/Itinero-ddatanvrushtpeefdltyxakpvgnm/Build/Intermediates.noindex/GeneratedModuleMaps-iphoneos/FirebaseAnalyticsWrapper.modulemap -Xcc -fmodule-map-file\=/Users/tobiadegoroye/Library/Developer/Xcode/DerivedData/Itinero-ddatanvrushtpeefdltyxakpvgnm/Build/Intermediates.noindex/GeneratedModuleMaps-iphoneos/FirebaseInstallations.modulemap -Xcc -fmodule-map-file\=/Users/tobiadegoroye/Library/Developer/Xcode/DerivedData/Itinero-ddatanvrushtpeefdltyxakpvgnm/Build/Intermediates.noindex/GeneratedModuleMaps-iphoneos/FirebaseAnalyticsTarget.modulemap -Xcc -fmodule-map-file\=/Users/tobiadegoroye/Library/Developer/Xcode/DerivedData/Itinero-ddatanvrushtpeefdltyxakpvgnm/Build/Intermediates.noindex/GeneratedModuleMaps-iphoneos/GoogleUtilities-NSData.modulemap -Xcc -fmodule-map-file\=/Users/tobiadegoroye/Library/Developer/Xcode/DerivedData/Itinero-ddatanvrushtpeefdltyxakpvgnm/Build/Intermediates.noindex/GeneratedModuleMaps-iphoneos/GoogleUtilities-Environment.modulemap -Xcc -fmodule-map-file\=/Users/tobiadegoroye/Library/Developer/Xcode/DerivedData/Itinero-ddatanvrushtpeefdltyxakpvgnm/Build/Intermediates.noindex/GeneratedModuleMaps-iphoneos/third-party-IsAppEncrypted.modulemap -Xcc -fmodule-map-file\=/Users/tobiadegoroye/Library/Developer/Xcode/DerivedData/Itinero-ddatanvrushtpeefdltyxakpvgnm/Build/Intermediates.noindex/GeneratedModuleMaps-iphoneos/GoogleUtilities-Logger.modulemap -Xcc -fmodule-map-file\=/Users/tobiadegoroye/Library/Developer/Xcode/DerivedData/Itinero-ddatanvrushtpeefdltyxakpvgnm/Build/Intermediates.noindex/GeneratedModuleMaps-iphoneos/FirebaseCoreExtension.modulemap -Xcc -fmodule-map-file\=/Users/tobiadegoroye/Library/Developer/Xcode/DerivedData/Itinero-ddatanvrushtpeefdltyxakpvgnm/Build/Intermediates.noindex/GeneratedModuleMaps-iphoneos/FirebaseCore.modulemap -Xcc -fmodule-map-file\=/Users/tobiadegoroye/Library/Developer/Xcode/DerivedData/Itinero-ddatanvrushtpeefdltyxakpvgnm/Build/Intermediates.noindex/GeneratedModuleMaps-iphoneos/FirebaseAuthInterop.modulemap -Xcc -fmodule-map-file\=/Users/tobiadegoroye/Library/Developer/Xcode/DerivedData/Itinero-ddatanvrushtpeefdltyxakpvgnm/Build/Intermediates.noindex/GeneratedModuleMaps-iphoneos/FirebaseAppCheckInterop.modulemap -enable-bare-slash-regex -enable-experimental-feature DebugDescriptionMacro -sdk /Applications/Xcode.app/Contents/Developer/Platforms/iPhoneOS.platform/Developer/SDKs/iPhoneOS26.1.sdk -target arm64-apple-ios17.0 -g -module-cache-path /Users/tobiadegoroye/Library/Developer/Xcode/DerivedData/ModuleCache.noindex -Xfrontend -serialize-debugging-options -enable-testing -index-store-path /Users/tobiadegoroye/Library/Developer/Xcode/DerivedData/Itinero-ddatanvrushtpeefdltyxakpvgnm/Index.noindex/DataStore -Xcc -D_LIBCPP_HARDENING_MODE\=_LIBCPP_HARDENING_MODE_DEBUG -swift-version 5 -I /Users/tobiadegoroye/Library/Developer/Xcode/DerivedData/Itinero-ddatanvrushtpeefdltyxakpvgnm/Build/Products/Debug-iphoneos -F /Users/tobiadegoroye/Library/Developer/Xcode/DerivedData/Itinero-ddatanvrushtpeefdltyxakpvgnm/Build/Products/Debug-iphoneos/PackageFrameworks -F /Users/tobiadegoroye/Library/Developer/Xcode/DerivedData/Itinero-ddatanvrushtpeefdltyxakpvgnm/Build/Products/Debug-iphoneos/PackageFrameworks -F /Users/tobiadegoroye/Library/Developer/Xcode/DerivedData/Itinero-ddatanvrushtpeefdltyxakpvgnm/Build/Products/Debug-iphoneos/PackageFrameworks -F /Users/tobiadegoroye/Library/Developer/Xcode/DerivedData/Itinero-ddatanvrushtpeefdltyxakpvgnm/Build/Products/Debug-iphoneos/PackageFrameworks -F /Users/tobiadegoroye/Library/Developer/Xcode/DerivedData/Itinero-ddatanvrushtpeefdltyxakpvgnm/Build/Products/Debug-iphoneos/PackageFrameworks -F /Users/tobiadegoroye/Library/Developer/Xcode/DerivedData/Itinero-ddatanvrushtpeefdltyxakpvgnm/Build/Products/Debug-iphoneos/PackageFrameworks -F /Users/tobiadegoroye/Library/Developer/Xcode/DerivedData/Itinero-ddatanvrushtpeefdltyxakpvgnm/Build/Products/Debug-iphoneos/PackageFrameworks -F /Users/tobiadegoroye/Library/Developer/Xcode/DerivedData/Itinero-ddatanvrushtpeefdltyxakpvgnm/Build/Products/Debug-iphoneos/PackageFrameworks -F /Users/tobiadegoroye/Library/Developer/Xcode/DerivedData/Itinero-ddatanvrushtpeefdltyxakpvgnm/Build/Products/Debug-iphoneos/PackageFrameworks -F /Users/tobiadegoroye/Library/Developer/Xcode/DerivedData/Itinero-ddatanvrushtpeefdltyxakpvgnm/Build/Products/Debug-iphoneos/PackageFrameworks -F /Users/tobiadegoroye/Library/Developer/Xcode/DerivedData/Itinero-ddatanvrushtpeefdltyxakpvgnm/Build/Products/Debug-iphoneos/PackageFrameworks -F /Users/tobiadegoroye/Library/Developer/Xcode/DerivedData/Itinero-ddatanvrushtpeefdltyxakpvgnm/Build/Products/Debug-iphoneos/PackageFrameworks -F /Users/tobiadegoroye/Library/Developer/Xcode/DerivedData/Itinero-ddatanvrushtpeefdltyxakpvgnm/Build/Products/Debug-iphoneos/PackageFrameworks -F /Users/tobiadegoroye/Library/Developer/Xcode/DerivedData/Itinero-ddatanvrushtpeefdltyxakpvgnm/Build/Products/Debug-iphoneos/PackageFrameworks -F /Users/tobiadegoroye/Library/Developer/Xcode/DerivedData/Itinero-ddatanvrushtpeefdltyxakpvgnm/Build/Products/Debug-iphoneos/PackageFrameworks -F /Users/tobiadegoroye/Library/Developer/Xcode/DerivedData/Itinero-ddatanvrushtpeefdltyxakpvgnm/Build/Products/Debug-iphoneos/PackageFrameworks -F /Users/tobiadegoroye/Library/Developer/Xcode/DerivedData/Itinero-ddatanvrushtpeefdltyxakpvgnm/Build/Products/Debug-iphoneos/PackageFrameworks -F /Users/tobiadegoroye/Library/Developer/Xcode/DerivedData/Itinero-ddatanvrushtpeefdltyxakpvgnm/Build/Products/Debug-iphoneos/PackageFrameworks -F /Users/tobiadegoroye/Library/Developer/Xcode/DerivedData/Itinero-ddatanvrushtpeefdltyxakpvgnm/Build/Products/Debug-iphoneos/PackageFrameworks -F /Users/tobiadegoroye/Library/Developer/Xcode/DerivedData/Itinero-ddatanvrushtpeefdltyxakpvgnm/Build/Products/Debug-iphoneos/PackageFrameworks -F /Users/tobiadegoroye/Library/Developer/Xcode/DerivedData/Itinero-ddatanvrushtpeefdltyxakpvgnm/Build/Products/Debug-iphoneos/PackageFrameworks -F /Users/tobiadegoroye/Library/Developer/Xcode/DerivedData/Itinero-ddatanvrushtpeefdltyxakpvgnm/Build/Products/Debug-iphoneos/PackageFrameworks -F /Users/tobiadegoroye/Library/Developer/Xcode/DerivedData/Itinero-ddatanvrushtpeefdltyxakpvgnm/Build/Products/Debug-iphoneos/PackageFrameworks -F /Users/tobiadegoroye/Library/Developer/Xcode/DerivedData/Itinero-ddatanvrushtpeefdltyxakpvgnm/Build/Products/Debug-iphoneos/PackageFrameworks -F /Users/tobiadegoroye/Library/Developer/Xcode/DerivedData/Itinero-ddatanvrushtpeefdltyxakpvgnm/Build/Products/Debug-iphoneos/PackageFrameworks -F /Users/tobiadegoroye/Library/Developer/Xcode/DerivedData/Itinero-ddatanvrushtpeefdltyxakpvgnm/Build/Products/Debug-iphoneos/PackageFrameworks -F /Users/tobiadegoroye/Library/Developer/Xcode/DerivedData/Itinero-ddatanvrushtpeefdltyxakpvgnm/Build/Products/Debug-iphoneos/PackageFrameworks -F /Users/tobiadegoroye/Library/Developer/Xcode/DerivedData/Itinero-ddatanvrushtpeefdltyxakpvgnm/Build/Products/Debug-iphoneos/PackageFrameworks -F /Users/tobiadegoroye/Library/Developer/Xcode/DerivedData/Itinero-ddatanvrushtpeefdltyxakpvgnm/Build/Products/Debug-iphoneos/PackageFrameworks -F /Users/tobiadegoroye/Library/Developer/Xcode/DerivedData/Itinero-ddatanvrushtpeefdltyxakpvgnm/Build/Products/Debug-iphoneos/PackageFrameworks -F /Users/tobiadegoroye/Library/Developer/Xcode/DerivedData/Itinero-ddatanvrushtpeefdltyxakpvgnm/Build/Products/Debug-iphoneos/PackageFrameworks -F /Users/tobiadegoroye/Library/Developer/Xcode/DerivedData/Itinero-ddatanvrushtpeefdltyxakpvgnm/Build/Products/Debug-iphoneos/PackageFrameworks -F /Users/tobiadegoroye/Library/Developer/Xcode/DerivedData/Itinero-ddatanvrushtpeefdltyxakpvgnm/Build/Products/Debug-iphoneos/PackageFrameworks -F /Users/tobiadegoroye/Library/Developer/Xcode/DerivedData/Itinero-ddatanvrushtpeefdltyxakpvgnm/Build/Products/Debug-iphoneos/PackageFrameworks -F /Users/tobiadegoroye/Library/Developer/Xcode/DerivedData/Itinero-ddatanvrushtpeefdltyxakpvgnm/Build/Products/Debug-iphoneos -c -j10 -enable-batch-mode -incremental -Xcc -ivfsstatcache -Xcc /Users/tobiadegoroye/Library/Developer/Xcode/DerivedData/SDKStatCaches.noindex/iphoneos26.1-23B77-69b33fc7382b27d9b5d46e82a00f8e78.sdkstatcache -output-file-map /Users/tobiadegoroye/Library/Developer/Xcode/DerivedData/Itinero-ddatanvrushtpeefdltyxakpvgnm/Build/Intermediates.noindex/Itinero.build/Debug-iphoneos/Itinero.build/Objects-normal/arm64/Itinero-OutputFileMap.json -use-frontend-parseable-output -save-temps -no-color-diagnostics -explicit-module-build -module-cache-path /Users/tobiadegoroye/Library/Developer/Xcode/DerivedData/Itinero-ddatanvrushtpeefdltyxakpvgnm/Build/Intermediates.noindex/SwiftExplicitPrecompiledModules -clang-scanner-module-cache-path /Users/tobiadegoroye/Library/Developer/Xcode/DerivedData/ModuleCache.noindex -sdk-module-cache-path /Users/tobiadegoroye/Library/Developer/Xcode/DerivedData/ModuleCache.noindex -serialize-diagnostics -emit-dependencies -emit-module -emit-module-path /Users/tobiadegoroye/Library/Developer/Xcode/DerivedData/Itinero-ddatanvrushtpeefdltyxakpvgnm/Build/Intermediates.noindex/Itinero.build/Debug-iphoneos/Itinero.build/Objects-normal/arm64/Itinero.swiftmodule -validate-clang-modules-once -clang-build-session-file /Users/tobiadegoroye/Library/Developer/Xcode/DerivedData/ModuleCache.noindex/Session.modulevalidation -Xcc -I/Users/tobiadegoroye/Library/Developer/Xcode/DerivedData/Itinero-ddatanvrushtpeefdltyxakpvgnm/Build/Intermediates.noindex/Itinero.build/Debug-iphoneos/Itinero.build/swift-overrides.hmap -emit-const-values -Xfrontend -const-gather-protocols-file -Xfrontend /Users/tobiadegoroye/Library/Developer/Xcode/DerivedData/Itinero-ddatanvrushtpeefdltyxakpvgnm/Build/Intermediates.noindex/Itinero.build/Debug-iphoneos/Itinero.build/Objects-normal/arm64/Itinero_const_extract_protocols.json -Xcc -iquote -Xcc /Users/tobiadegoroye/Library/Developer/Xcode/DerivedData/Itinero-ddatanvrushtpeefdltyxakpvgnm/Build/Intermediates.noindex/Itinero.build/Debug-iphoneos/Itinero.build/Itinero-generated-files.hmap -Xcc -I/Users/tobiadegoroye/Library/Developer/Xcode/DerivedData/Itinero-ddatanvrushtpeefdltyxakpvgnm/Build/Intermediates.noindex/Itinero.build/Debug-iphoneos/Itinero.build/Itinero-own-target-headers.hmap -Xcc -I/Users/tobiadegoroye/Library/Developer/Xcode/DerivedData/Itinero-ddatanvrushtpeefdltyxakpvgnm/Build/Intermediates.noindex/Itinero.build/Debug-iphoneos/Itinero.build/Itinero-all-non-framework-target-headers.hmap -Xcc -ivfsoverlay -Xcc /Users/tobiadegoroye/Library/Developer/Xcode/DerivedData/Itinero-ddatanvrushtpeefdltyxakpvgnm/Build/Intermediates.noindex/Itinero.build/Debug-iphoneos/Itinero-6ccf2cd472bd10a46b113a7348446068-VFS-iphoneos/all-product-headers.yaml -Xcc -iquote -Xcc /Users/tobiadegoroye/Library/Developer/Xcode/DerivedData/Itinero-ddatanvrushtpeefdltyxakpvgnm/Build/Intermediates.noindex/Itinero.build/Debug-iphoneos/Itinero.build/Itinero-project-headers.hmap -Xcc -I/Users/tobiadegoroye/Library/Developer/Xcode/DerivedData/Itinero-ddatanvrushtpeefdltyxakpvgnm/SourcePackages/checkouts/GoogleAppMeasurement/GoogleAppMeasurementIdentitySupportWrapper/include -Xcc -I/Users/tobiadegoroye/Library/Developer/Xcode/DerivedData/Itinero-ddatanvrushtpeefdltyxakpvgnm/SourcePackages/checkouts/firebase-ios-sdk/FirebaseAnalyticsIdentitySupportWrapper/include -Xcc -I/Users/tobiadegoroye/Library/Developer/Xcode/DerivedData/Itinero-ddatanvrushtpeefdltyxakpvgnm/SourcePackages/checkouts/GoogleAppMeasurement/GoogleAppMeasurementCoreWrapper/include -Xcc -I/Users/tobiadegoroye/Library/Developer/Xcode/DerivedData/Itinero-ddatanvrushtpeefdltyxakpvgnm/SourcePackages/checkouts/firebase-ios-sdk/FirebaseAnalyticsCoreWrapper/include -Xcc -I/Users/tobiadegoroye/Library/Developer/Xcode/DerivedData/Itinero-ddatanvrushtpeefdltyxakpvgnm/SourcePackages/checkouts/firebase-ios-sdk/SwiftPM-PlatformExclude/FirebaseAnalyticsCoreWrap/include -Xcc -I/Users/tobiadegoroye/Library/Developer/Xcode/DerivedData/Itinero-ddatanvrushtpeefdltyxakpvgnm/SourcePackages/checkouts/promises/Sources/FBLPromises/include -Xcc -I/Users/tobiadegoroye/Library/Developer/Xcode/DerivedData/Itinero-ddatanvrushtpeefdltyxakpvgnm/SourcePackages/checkouts/GoogleUtilities/GoogleUtilities/UserDefaults/Public -Xcc -I/Users/tobiadegoroye/Library/Developer/Xcode/DerivedData/Itinero-ddatanvrushtpeefdltyxakpvgnm/SourcePackages/checkouts/google-ads-on-device-conversion-ios-sdk/GoogleAdsOnDeviceConversionWrapper/include -Xcc -I/Users/tobiadegoroye/Library/Developer/Xcode/DerivedData/Itinero-ddatanvrushtpeefdltyxakpvgnm/SourcePackages/checkouts/GoogleAppMeasurement/GoogleAppMeasurementWrapper/include -Xcc -I/Users/tobiadegoroye/Library/Developer/Xcode/DerivedData/Itinero-ddatanvrushtpeefdltyxakpvgnm/SourcePackages/checkouts/GoogleUtilities/GoogleUtilities/AppDelegateSwizzler/Public -Xcc -I/Users/tobiadegoroye/Library/Developer/Xcode/DerivedData/Itinero-ddatanvrushtpeefdltyxakpvgnm/SourcePackages/checkouts/GoogleUtilities/GoogleUtilities/MethodSwizzler/Public -Xcc -I/Users/tobiadegoroye/Library/Developer/Xcode/DerivedData/Itinero-ddatanvrushtpeefdltyxakpvgnm/SourcePackages/checkouts/GoogleUtilities/GoogleUtilities/Reachability/Public -Xcc -I/Users/tobiadegoroye/Library/Developer/Xcode/DerivedData/Itinero-ddatanvrushtpeefdltyxakpvgnm/SourcePackages/checkouts/GoogleUtilities/GoogleUtilities/Network/Public -Xcc -I/Users/tobiadegoroye/Library/Developer/Xcode/DerivedData/Itinero-ddatanvrushtpeefdltyxakpvgnm/SourcePackages/checkouts/nanopb/spm_headers -Xcc -I/Users/tobiadegoroye/Library/Developer/Xcode/DerivedData/Itinero-ddatanvrushtpeefdltyxakpvgnm/SourcePackages/checkouts/firebase-ios-sdk/FirebaseAnalyticsWrapper/include -Xcc -I/Users/tobiadegoroye/Library/Developer/Xcode/DerivedData/Itinero-ddatanvrushtpeefdltyxakpvgnm/SourcePackages/checkouts/firebase-ios-sdk/FirebaseInstallations/Source/Library/Public -Xcc -I/Users/tobiadegoroye/Library/Developer/Xcode/DerivedData/Itinero-ddatanvrushtpeefdltyxakpvgnm/SourcePackages/checkouts/firebase-ios-sdk/SwiftPM-PlatformExclude/FirebaseAnalyticsWrap/include -Xcc -I/Users/tobiadegoroye/Library/Developer/Xcode/DerivedData/Itinero-ddatanvrushtpeefdltyxakpvgnm/SourcePackages/checkouts/GoogleUtilities/GoogleUtilities/NSData+zlib/Public -Xcc -I/Users/tobiadegoroye/Library/Developer/Xcode/DerivedData/Itinero-ddatanvrushtpeefdltyxakpvgnm/SourcePackages/checkouts/GoogleUtilities/GoogleUtilities/Environment/Public -Xcc -I/Users/tobiadegoroye/Library/Developer/Xcode/DerivedData/Itinero-ddatanvrushtpeefdltyxakpvgnm/SourcePackages/checkouts/GoogleUtilities/third_party/IsAppEncrypted/Public -Xcc -I/Users/tobiadegoroye/Library/Developer/Xcode/DerivedData/Itinero-ddatanvrushtpeefdltyxakpvgnm/SourcePackages/checkouts/GoogleUtilities/GoogleUtilities/Logger/Public -Xcc -I/Users/tobiadegoroye/Library/Developer/Xcode/DerivedData/Itinero-ddatanvrushtpeefdltyxakpvgnm/SourcePackages/checkouts/firebase-ios-sdk/FirebaseCore/Extension -Xcc -I/Users/tobiadegoroye/Library/Developer/Xcode/DerivedData/Itinero-ddatanvrushtpeefdltyxakpvgnm/SourcePackages/checkouts/firebase-ios-sdk/FirebaseCore/Sources/Public -Xcc -I/Users/tobiadegoroye/Library/Developer/Xcode/DerivedData/Itinero-ddatanvrushtpeefdltyxakpvgnm/SourcePackages/checkouts/firebase-ios-sdk/CoreOnly/Sources -Xcc -I/Users/tobiadegoroye/Library/Developer/Xcode/DerivedData/Itinero-ddatanvrushtpeefdltyxakpvgnm/SourcePackages/checkouts/firebase-ios-sdk/FirebaseAuth/Interop/Public -Xcc -I/Users/tobiadegoroye/Library/Developer/Xcode/DerivedData/Itinero-ddatanvrushtpeefdltyxakpvgnm/SourcePackages/checkouts/firebase-ios-sdk/FirebaseAppCheck/Interop/Public -Xcc -I/Users/tobiadegoroye/Library/Developer/Xcode/DerivedData/Itinero-ddatanvrushtpeefdltyxakpvgnm/Build/Products/Debug-iphoneos/include -Xcc -I/Users/tobiadegoroye/Library/Developer/Xcode/DerivedData/Itinero-ddatanvrushtpeefdltyxakpvgnm/Build/Intermediates.noindex/Itinero.build/Debug-iphoneos/Itinero.build/DerivedSources-normal/arm64 -Xcc -I/Users/tobiadegoroye/Library/Developer/Xcode/DerivedData/Itinero-ddatanvrushtpeefdltyxakpvgnm/Build/Intermediates.noindex/Itinero.build/Debug-iphoneos/Itinero.build/DerivedSources/arm64 -Xcc -I/Users/tobiadegoroye/Library/Developer/Xcode/DerivedData/Itinero-ddatanvrushtpeefdltyxakpvgnm/Build/Intermediates.noindex/Itinero.build/Debug-iphoneos/Itinero.build/DerivedSources -Xcc -DDEBUG\=1 -emit-objc-header -emit-objc-header-path /Users/tobiadegoroye/Library/Developer/Xcode/DerivedData/Itinero-ddatanvrushtpeefdltyxakpvgnm/Build/Intermediates.noindex/Itinero.build/Debug-iphoneos/Itinero.build/Objects-normal/arm64/Itinero-Swift.h -working-directory /Users/tobiadegoroye/Developer/SwiftUI/Triply -experimental-emit-module-separately -disable-cmo

Ld /Users/tobiadegoroye/Library/Developer/Xcode/DerivedData/Itinero-ddatanvrushtpeefdltyxakpvgnm/Build/Products/Debug-iphoneos/Itinero.app/Itinero.debug.dylib normal (in target 'Itinero' from project 'Itinero')
    cd /Users/tobiadegoroye/Developer/SwiftUI/Triply
    /Applications/Xcode.app/Contents/Developer/Toolchains/XcodeDefault.xctoolchain/usr/bin/clang -Xlinker -reproducible -target arm64-apple-ios17.0 -dynamiclib -isysroot /Applications/Xcode.app/Contents/Developer/Platforms/iPhoneOS.platform/Developer/SDKs/iPhoneOS26.1.sdk -O0 -L/Users/tobiadegoroye/Library/Developer/Xcode/DerivedData/Itinero-ddatanvrushtpeefdltyxakpvgnm/Build/Intermediates.noindex/EagerLinkingTBDs/Debug-iphoneos -L/Users/tobiadegoroye/Library/Developer/Xcode/DerivedData/Itinero-ddatanvrushtpeefdltyxakpvgnm/Build/Products/Debug-iphoneos -F/Users/tobiadegoroye/Library/Developer/Xcode/DerivedData/Itinero-ddatanvrushtpeefdltyxakpvgnm/Build/Intermediates.noindex/EagerLinkingTBDs/Debug-iphoneos -F/Users/tobiadegoroye/Library/Developer/Xcode/DerivedData/Itinero-ddatanvrushtpeefdltyxakpvgnm/Build/Products/Debug-iphoneos/PackageFrameworks -F/Users/tobiadegoroye/Library/Developer/Xcode/DerivedData/Itinero-ddatanvrushtpeefdltyxakpvgnm/Build/Products/Debug-iphoneos/PackageFrameworks -F/Users/tobiadegoroye/Library/Developer/Xcode/DerivedData/Itinero-ddatanvrushtpeefdltyxakpvgnm/Build/Products/Debug-iphoneos/PackageFrameworks -F/Users/tobiadegoroye/Library/Developer/Xcode/DerivedData/Itinero-ddatanvrushtpeefdltyxakpvgnm/Build/Products/Debug-iphoneos/PackageFrameworks -F/Users/tobiadegoroye/Library/Developer/Xcode/DerivedData/Itinero-ddatanvrushtpeefdltyxakpvgnm/Build/Products/Debug-iphoneos/PackageFrameworks -F/Users/tobiadegoroye/Library/Developer/Xcode/DerivedData/Itinero-ddatanvrushtpeefdltyxakpvgnm/Build/Products/Debug-iphoneos/PackageFrameworks -F/Users/tobiadegoroye/Library/Developer/Xcode/DerivedData/Itinero-ddatanvrushtpeefdltyxakpvgnm/Build/Products/Debug-iphoneos/PackageFrameworks -F/Users/tobiadegoroye/Library/Developer/Xcode/DerivedData/Itinero-ddatanvrushtpeefdltyxakpvgnm/Build/Products/Debug-iphoneos/PackageFrameworks -F/Users/tobiadegoroye/Library/Developer/Xcode/DerivedData/Itinero-ddatanvrushtpeefdltyxakpvgnm/Build/Products/Debug-iphoneos/PackageFrameworks -F/Users/tobiadegoroye/Library/Developer/Xcode/DerivedData/Itinero-ddatanvrushtpeefdltyxakpvgnm/Build/Products/Debug-iphoneos/PackageFrameworks -F/Users/tobiadegoroye/Library/Developer/Xcode/DerivedData/Itinero-ddatanvrushtpeefdltyxakpvgnm/Build/Products/Debug-iphoneos/PackageFrameworks -F/Users/tobiadegoroye/Library/Developer/Xcode/DerivedData/Itinero-ddatanvrushtpeefdltyxakpvgnm/Build/Products/Debug-iphoneos/PackageFrameworks -F/Users/tobiadegoroye/Library/Developer/Xcode/DerivedData/Itinero-ddatanvrushtpeefdltyxakpvgnm/Build/Products/Debug-iphoneos/PackageFrameworks -F/Users/tobiadegoroye/Library/Developer/Xcode/DerivedData/Itinero-ddatanvrushtpeefdltyxakpvgnm/Build/Products/Debug-iphoneos/PackageFrameworks -F/Users/tobiadegoroye/Library/Developer/Xcode/DerivedData/Itinero-ddatanvrushtpeefdltyxakpvgnm/Build/Products/Debug-iphoneos/PackageFrameworks -F/Users/tobiadegoroye/Library/Developer/Xcode/DerivedData/Itinero-ddatanvrushtpeefdltyxakpvgnm/Build/Products/Debug-iphoneos/PackageFrameworks -F/Users/tobiadegoroye/Library/Developer/Xcode/DerivedData/Itinero-ddatanvrushtpeefdltyxakpvgnm/Build/Products/Debug-iphoneos/PackageFrameworks -F/Users/tobiadegoroye/Library/Developer/Xcode/DerivedData/Itinero-ddatanvrushtpeefdltyxakpvgnm/Build/Products/Debug-iphoneos/PackageFrameworks -F/Users/tobiadegoroye/Library/Developer/Xcode/DerivedData/Itinero-ddatanvrushtpeefdltyxakpvgnm/Build/Products/Debug-iphoneos/PackageFrameworks -F/Users/tobiadegoroye/Library/Developer/Xcode/DerivedData/Itinero-ddatanvrushtpeefdltyxakpvgnm/Build/Products/Debug-iphoneos/PackageFrameworks -F/Users/tobiadegoroye/Library/Developer/Xcode/DerivedData/Itinero-ddatanvrushtpeefdltyxakpvgnm/Build/Products/Debug-iphoneos/PackageFrameworks -F/Users/tobiadegoroye/Library/Developer/Xcode/DerivedData/Itinero-ddatanvrushtpeefdltyxakpvgnm/Build/Products/Debug-iphoneos/PackageFrameworks -F/Users/tobiadegoroye/Library/Developer/Xcode/DerivedData/Itinero-ddatanvrushtpeefdltyxakpvgnm/Build/Products/Debug-iphoneos/PackageFrameworks -F/Users/tobiadegoroye/Library/Developer/Xcode/DerivedData/Itinero-ddatanvrushtpeefdltyxakpvgnm/Build/Products/Debug-iphoneos/PackageFrameworks -F/Users/tobiadegoroye/Library/Developer/Xcode/DerivedData/Itinero-ddatanvrushtpeefdltyxakpvgnm/Build/Products/Debug-iphoneos/PackageFrameworks -F/Users/tobiadegoroye/Library/Developer/Xcode/DerivedData/Itinero-ddatanvrushtpeefdltyxakpvgnm/Build/Products/Debug-iphoneos/PackageFrameworks -F/Users/tobiadegoroye/Library/Developer/Xcode/DerivedData/Itinero-ddatanvrushtpeefdltyxakpvgnm/Build/Products/Debug-iphoneos/PackageFrameworks -F/Users/tobiadegoroye/Library/Developer/Xcode/DerivedData/Itinero-ddatanvrushtpeefdltyxakpvgnm/Build/Products/Debug-iphoneos/PackageFrameworks -F/Users/tobiadegoroye/Library/Developer/Xcode/DerivedData/Itinero-ddatanvrushtpeefdltyxakpvgnm/Build/Products/Debug-iphoneos/PackageFrameworks -F/Users/tobiadegoroye/Library/Developer/Xcode/DerivedData/Itinero-ddatanvrushtpeefdltyxakpvgnm/Build/Products/Debug-iphoneos/PackageFrameworks -F/Users/tobiadegoroye/Library/Developer/Xcode/DerivedData/Itinero-ddatanvrushtpeefdltyxakpvgnm/Build/Products/Debug-iphoneos/PackageFrameworks -F/Users/tobiadegoroye/Library/Developer/Xcode/DerivedData/Itinero-ddatanvrushtpeefdltyxakpvgnm/Build/Products/Debug-iphoneos/PackageFrameworks -F/Users/tobiadegoroye/Library/Developer/Xcode/DerivedData/Itinero-ddatanvrushtpeefdltyxakpvgnm/Build/Products/Debug-iphoneos/PackageFrameworks -F/Users/tobiadegoroye/Library/Developer/Xcode/DerivedData/Itinero-ddatanvrushtpeefdltyxakpvgnm/Build/Products/Debug-iphoneos/PackageFrameworks -F/Users/tobiadegoroye/Library/Developer/Xcode/DerivedData/Itinero-ddatanvrushtpeefdltyxakpvgnm/Build/Products/Debug-iphoneos -filelist /Users/tobiadegoroye/Library/Developer/Xcode/DerivedData/Itinero-ddatanvrushtpeefdltyxakpvgnm/Build/Intermediates.noindex/Itinero.build/Debug-iphoneos/Itinero.build/Objects-normal/arm64/Itinero.LinkFileList -install_name @rpath/Itinero.debug.dylib -Xlinker -rpath -Xlinker /usr/lib/swift -Xlinker -rpath -Xlinker /Users/tobiadegoroye/Library/Developer/Xcode/DerivedData/Itinero-ddatanvrushtpeefdltyxakpvgnm/Build/Products/Debug-iphoneos/PackageFrameworks -Xlinker -rpath -Xlinker @executable_path/Frameworks -dead_strip -Xlinker -object_path_lto -Xlinker /Users/tobiadegoroye/Library/Developer/Xcode/DerivedData/Itinero-ddatanvrushtpeefdltyxakpvgnm/Build/Intermediates.noindex/Itinero.build/Debug-iphoneos/Itinero.build/Objects-normal/arm64/Itinero_lto.o -rdynamic -Xlinker -no_deduplicate -Xlinker -dependency_info -Xlinker /Users/tobiadegoroye/Library/Developer/Xcode/DerivedData/Itinero-ddatanvrushtpeefdltyxakpvgnm/Build/Intermediates.noindex/Itinero.build/Debug-iphoneos/Itinero.build/Objects-normal/arm64/Itinero_dependency_info.dat -fobjc-link-runtime -L/Applications/Xcode.app/Contents/Developer/Toolchains/XcodeDefault.xctoolchain/usr/lib/swift/iphoneos -L/usr/lib/swift -Xlinker -add_ast_path -Xlinker /Users/tobiadegoroye/Library/Developer/Xcode/DerivedData/Itinero-ddatanvrushtpeefdltyxakpvgnm/Build/Intermediates.noindex/Itinero.build/Debug-iphoneos/Itinero.build/Objects-normal/arm64/Itinero.swiftmodule @/Users/tobiadegoroye/Library/Developer/Xcode/DerivedData/Itinero-ddatanvrushtpeefdltyxakpvgnm/Build/Intermediates.noindex/Itinero.build/Debug-iphoneos/Itinero.build/Objects-normal/arm64/Itinero-linker-args.resp -Wl,-no_warn_duplicate_libraries -Wl,-no_warn_duplicate_libraries -Wl,-no_warn_duplicate_libraries -Wl,-no_warn_duplicate_libraries -Wl,-no_warn_duplicate_libraries -Wl,-no_warn_duplicate_libraries -Wl,-no_warn_duplicate_libraries -Wl,-no_warn_duplicate_libraries -Wl,-no_warn_duplicate_libraries -Wl,-no_warn_duplicate_libraries -Wl,-no_warn_duplicate_libraries -Wl,-no_warn_duplicate_libraries -Wl,-no_warn_duplicate_libraries -Wl,-no_warn_duplicate_libraries -Wl,-no_warn_duplicate_libraries -Wl,-no_warn_duplicate_libraries -Wl,-no_warn_duplicate_libraries -Wl,-no_warn_duplicate_libraries -Wl,-no_warn_duplicate_libraries -Wl,-no_warn_duplicate_libraries -Wl,-no_warn_duplicate_libraries -Wl,-no_warn_duplicate_libraries -Wl,-no_warn_duplicate_libraries -Wl,-no_warn_duplicate_libraries -Wl,-no_warn_duplicate_libraries -Wl,-no_warn_duplicate_libraries -Wl,-no_warn_duplicate_libraries -Wl,-no_warn_duplicate_libraries -Wl,-no_warn_duplicate_libraries -Wl,-no_warn_duplicate_libraries -Wl,-no_warn_duplicate_libraries -Wl,-no_warn_duplicate_libraries -Wl,-no_warn_duplicate_libraries -Wl,-no_warn_duplicate_libraries -framework UIKit -lz -framework Security -framework StoreKit -lsqlite3 -lc++ -lz -lsqlite3 -lc++ -lz -framework StoreKit -lc++ -framework StoreKit -lsqlite3 -lc++ -lz -framework StoreKit -lsqlite3 -lc++ -lz -lsqlite3 -lc++ -lz -framework StoreKit -lsqlite3 -lc++ -lz -framework StoreKit -Xlinker -alias -Xlinker _main -Xlinker ___debug_main_executable_dylib_entry_point -framework FirebaseAnalytics -framework GoogleAppMeasurementIdentitySupport -framework GoogleAppMeasurement -framework FirebaseAnalytics -framework GoogleAppMeasurement -framework FirebaseAnalytics -framework GoogleAppMeasurementIdentitySupport -framework GoogleAppMeasurement -framework GoogleAdsOnDeviceConversion -Xlinker -no_adhoc_codesign -o /Users/tobiadegoroye/Library/Developer/Xcode/DerivedData/Itinero-ddatanvrushtpeefdltyxakpvgnm/Build/Products/Debug-iphoneos/Itinero.app/Itinero.debug.dylib -Xlinker -add_ast_path -Xlinker /Users/tobiadegoroye/Library/Developer/Xcode/DerivedData/Itinero-ddatanvrushtpeefdltyxakpvgnm/Build/Intermediates.noindex/RevenueCat.build/Debug-iphoneos/RevenueCatUI.build/Objects-normal/arm64/RevenueCatUI.swiftmodule @/Users/tobiadegoroye/Library/Developer/Xcode/DerivedData/Itinero-ddatanvrushtpeefdltyxakpvgnm/Build/Intermediates.noindex/RevenueCat.build/Debug-iphoneos/RevenueCatUI.build/Objects-normal/arm64/RevenueCatUI-linker-args.resp -Xlinker -add_ast_path -Xlinker /Users/tobiadegoroye/Library/Developer/Xcode/DerivedData/Itinero-ddatanvrushtpeefdltyxakpvgnm/Build/Intermediates.noindex/RevenueCat.build/Debug-iphoneos/RevenueCat.build/Objects-normal/arm64/RevenueCat.swiftmodule @/Users/tobiadegoroye/Library/Developer/Xcode/DerivedData/Itinero-ddatanvrushtpeefdltyxakpvgnm/Build/Intermediates.noindex/RevenueCat.build/Debug-iphoneos/RevenueCat.build/Objects-normal/arm64/RevenueCat-linker-args.resp -Xlinker -add_ast_path -Xlinker /Users/tobiadegoroye/Library/Developer/Xcode/DerivedData/Itinero-ddatanvrushtpeefdltyxakpvgnm/Build/Intermediates.noindex/RevenueCat.build/Debug-iphoneos/ReceiptParser.build/Objects-normal/arm64/ReceiptParser.swiftmodule @/Users/tobiadegoroye/Library/Developer/Xcode/DerivedData/Itinero-ddatanvrushtpeefdltyxakpvgnm/Build/Intermediates.noindex/RevenueCat.build/Debug-iphoneos/ReceiptParser.build/Objects-normal/arm64/ReceiptParser-linker-args.resp -Xlinker -add_ast_path -Xlinker /Users/tobiadegoroye/Library/Developer/Xcode/DerivedData/Itinero-ddatanvrushtpeefdltyxakpvgnm/Build/Intermediates.noindex/Firebase.build/Debug-iphoneos/FirebaseCoreInternal.build/Objects-normal/arm64/FirebaseCoreInternal.swiftmodule @/Users/tobiadegoroye/Library/Developer/Xcode/DerivedData/Itinero-ddatanvrushtpeefdltyxakpvgnm/Build/Intermediates.noindex/Firebase.build/Debug-iphoneos/FirebaseCoreInternal.build/Objects-normal/arm64/FirebaseCoreInternal-linker-args.resp -Xlinker -add_ast_path -Xlinker /Users/tobiadegoroye/Library/Developer/Xcode/DerivedData/Itinero-ddatanvrushtpeefdltyxakpvgnm/Build/Intermediates.noindex/Firebase.build/Debug-iphoneos/FirebaseAILogic.build/Objects-normal/arm64/FirebaseAILogic.swiftmodule @/Users/tobiadegoroye/Library/Developer/Xcode/DerivedData/Itinero-ddatanvrushtpeefdltyxakpvgnm/Build/Intermediates.noindex/Firebase.build/Debug-iphoneos/FirebaseAILogic.build/Objects-normal/arm64/FirebaseAILogic-linker-args.resp -Xlinker -add_ast_path -Xlinker /Users/tobiadegoroye/Library/Developer/Xcode/DerivedData/Itinero-ddatanvrushtpeefdltyxakpvgnm/Build/Intermediates.noindex/Firebase.build/Debug-iphoneos/FirebaseAI.build/Objects-normal/arm64/FirebaseAI.swiftmodule @/Users/tobiadegoroye/Library/Developer/Xcode/DerivedData/Itinero-ddatanvrushtpeefdltyxakpvgnm/Build/Intermediates.noindex/Firebase.build/Debug-iphoneos/FirebaseAI.build/Objects-normal/arm64/FirebaseAI-linker-args.resp -Xlinker -add_ast_path -Xlinker /Users/tobiadegoroye/Library/Developer/Xcode/DerivedData/Itinero-ddatanvrushtpeefdltyxakpvgnm/Build/Intermediates.noindex/wishkit-ios.build/Debug-iphoneos/WishKit.build/Objects-normal/arm64/WishKit.swiftmodule @/Users/tobiadegoroye/Library/Developer/Xcode/DerivedData/Itinero-ddatanvrushtpeefdltyxakpvgnm/Build/Intermediates.noindex/wishkit-ios.build/Debug-iphoneos/WishKit.build/Objects-normal/arm64/WishKit-linker-args.resp -Xlinker -add_ast_path -Xlinker /Users/tobiadegoroye/Library/Developer/Xcode/DerivedData/Itinero-ddatanvrushtpeefdltyxakpvgnm/Build/Intermediates.noindex/wishkit-ios-shared.build/Debug-iphoneos/WishKitShared.build/Objects-normal/arm64/WishKitShared.swiftmodule @/Users/tobiadegoroye/Library/Developer/Xcode/DerivedData/Itinero-ddatanvrushtpeefdltyxakpvgnm/Build/Intermediates.noindex/wishkit-ios-shared.build/Debug-iphoneos/WishKitShared.build/Objects-normal/arm64/WishKitShared-linker-args.resp

ConstructStubExecutorLinkFileList /Users/tobiadegoroye/Library/Developer/Xcode/DerivedData/Itinero-ddatanvrushtpeefdltyxakpvgnm/Build/Intermediates.noindex/Itinero.build/Debug-iphoneos/Itinero.build/Itinero-ExecutorLinkFileList-normal-arm64.txt (in target 'Itinero' from project 'Itinero')
    cd /Users/tobiadegoroye/Developer/SwiftUI/Triply
    construct-stub-executor-link-file-list /Users/tobiadegoroye/Library/Developer/Xcode/DerivedData/Itinero-ddatanvrushtpeefdltyxakpvgnm/Build/Products/Debug-iphoneos/Itinero.app/Itinero.debug.dylib /Applications/Xcode.app/Contents/Developer/Platforms/iPhoneOS.platform/Developer/usr/lib/libPreviewsJITStubExecutor_no_swift_entry_point.a /Applications/Xcode.app/Contents/Developer/Platforms/iPhoneOS.platform/Developer/usr/lib/libPreviewsJITStubExecutor.a --output /Users/tobiadegoroye/Library/Developer/Xcode/DerivedData/Itinero-ddatanvrushtpeefdltyxakpvgnm/Build/Intermediates.noindex/Itinero.build/Debug-iphoneos/Itinero.build/Itinero-ExecutorLinkFileList-normal-arm64.txt
note: Using stub executor library with Swift entry point. (in target 'Itinero' from project 'Itinero')

Ld /Users/tobiadegoroye/Library/Developer/Xcode/DerivedData/Itinero-ddatanvrushtpeefdltyxakpvgnm/Build/Products/Debug-iphoneos/Itinero.app/Itinero normal (in target 'Itinero' from project 'Itinero')
    cd /Users/tobiadegoroye/Developer/SwiftUI/Triply
    /Applications/Xcode.app/Contents/Developer/Toolchains/XcodeDefault.xctoolchain/usr/bin/clang -Xlinker -reproducible -target arm64-apple-ios17.0 -isysroot /Applications/Xcode.app/Contents/Developer/Platforms/iPhoneOS.platform/Developer/SDKs/iPhoneOS26.1.sdk -O0 -L/Users/tobiadegoroye/Library/Developer/Xcode/DerivedData/Itinero-ddatanvrushtpeefdltyxakpvgnm/Build/Products/Debug-iphoneos -F/Users/tobiadegoroye/Library/Developer/Xcode/DerivedData/Itinero-ddatanvrushtpeefdltyxakpvgnm/Build/Products/Debug-iphoneos/PackageFrameworks -F/Users/tobiadegoroye/Library/Developer/Xcode/DerivedData/Itinero-ddatanvrushtpeefdltyxakpvgnm/Build/Products/Debug-iphoneos/PackageFrameworks -F/Users/tobiadegoroye/Library/Developer/Xcode/DerivedData/Itinero-ddatanvrushtpeefdltyxakpvgnm/Build/Products/Debug-iphoneos/PackageFrameworks -F/Users/tobiadegoroye/Library/Developer/Xcode/DerivedData/Itinero-ddatanvrushtpeefdltyxakpvgnm/Build/Products/Debug-iphoneos/PackageFrameworks -F/Users/tobiadegoroye/Library/Developer/Xcode/DerivedData/Itinero-ddatanvrushtpeefdltyxakpvgnm/Build/Products/Debug-iphoneos/PackageFrameworks -F/Users/tobiadegoroye/Library/Developer/Xcode/DerivedData/Itinero-ddatanvrushtpeefdltyxakpvgnm/Build/Products/Debug-iphoneos/PackageFrameworks -F/Users/tobiadegoroye/Library/Developer/Xcode/DerivedData/Itinero-ddatanvrushtpeefdltyxakpvgnm/Build/Products/Debug-iphoneos/PackageFrameworks -F/Users/tobiadegoroye/Library/Developer/Xcode/DerivedData/Itinero-ddatanvrushtpeefdltyxakpvgnm/Build/Products/Debug-iphoneos/PackageFrameworks -F/Users/tobiadegoroye/Library/Developer/Xcode/DerivedData/Itinero-ddatanvrushtpeefdltyxakpvgnm/Build/Products/Debug-iphoneos/PackageFrameworks -F/Users/tobiadegoroye/Library/Developer/Xcode/DerivedData/Itinero-ddatanvrushtpeefdltyxakpvgnm/Build/Products/Debug-iphoneos/PackageFrameworks -F/Users/tobiadegoroye/Library/Developer/Xcode/DerivedData/Itinero-ddatanvrushtpeefdltyxakpvgnm/Build/Products/Debug-iphoneos/PackageFrameworks -F/Users/tobiadegoroye/Library/Developer/Xcode/DerivedData/Itinero-ddatanvrushtpeefdltyxakpvgnm/Build/Products/Debug-iphoneos/PackageFrameworks -F/Users/tobiadegoroye/Library/Developer/Xcode/DerivedData/Itinero-ddatanvrushtpeefdltyxakpvgnm/Build/Products/Debug-iphoneos/PackageFrameworks -F/Users/tobiadegoroye/Library/Developer/Xcode/DerivedData/Itinero-ddatanvrushtpeefdltyxakpvgnm/Build/Products/Debug-iphoneos/PackageFrameworks -F/Users/tobiadegoroye/Library/Developer/Xcode/DerivedData/Itinero-ddatanvrushtpeefdltyxakpvgnm/Build/Products/Debug-iphoneos/PackageFrameworks -F/Users/tobiadegoroye/Library/Developer/Xcode/DerivedData/Itinero-ddatanvrushtpeefdltyxakpvgnm/Build/Products/Debug-iphoneos/PackageFrameworks -F/Users/tobiadegoroye/Library/Developer/Xcode/DerivedData/Itinero-ddatanvrushtpeefdltyxakpvgnm/Build/Products/Debug-iphoneos/PackageFrameworks -F/Users/tobiadegoroye/Library/Developer/Xcode/DerivedData/Itinero-ddatanvrushtpeefdltyxakpvgnm/Build/Products/Debug-iphoneos/PackageFrameworks -F/Users/tobiadegoroye/Library/Developer/Xcode/DerivedData/Itinero-ddatanvrushtpeefdltyxakpvgnm/Build/Products/Debug-iphoneos/PackageFrameworks -F/Users/tobiadegoroye/Library/Developer/Xcode/DerivedData/Itinero-ddatanvrushtpeefdltyxakpvgnm/Build/Products/Debug-iphoneos/PackageFrameworks -F/Users/tobiadegoroye/Library/Developer/Xcode/DerivedData/Itinero-ddatanvrushtpeefdltyxakpvgnm/Build/Products/Debug-iphoneos/PackageFrameworks -F/Users/tobiadegoroye/Library/Developer/Xcode/DerivedData/Itinero-ddatanvrushtpeefdltyxakpvgnm/Build/Products/Debug-iphoneos/PackageFrameworks -F/Users/tobiadegoroye/Library/Developer/Xcode/DerivedData/Itinero-ddatanvrushtpeefdltyxakpvgnm/Build/Products/Debug-iphoneos/PackageFrameworks -F/Users/tobiadegoroye/Library/Developer/Xcode/DerivedData/Itinero-ddatanvrushtpeefdltyxakpvgnm/Build/Products/Debug-iphoneos/PackageFrameworks -F/Users/tobiadegoroye/Library/Developer/Xcode/DerivedData/Itinero-ddatanvrushtpeefdltyxakpvgnm/Build/Products/Debug-iphoneos/PackageFrameworks -F/Users/tobiadegoroye/Library/Developer/Xcode/DerivedData/Itinero-ddatanvrushtpeefdltyxakpvgnm/Build/Products/Debug-iphoneos/PackageFrameworks -F/Users/tobiadegoroye/Library/Developer/Xcode/DerivedData/Itinero-ddatanvrushtpeefdltyxakpvgnm/Build/Products/Debug-iphoneos/PackageFrameworks -F/Users/tobiadegoroye/Library/Developer/Xcode/DerivedData/Itinero-ddatanvrushtpeefdltyxakpvgnm/Build/Products/Debug-iphoneos/PackageFrameworks -F/Users/tobiadegoroye/Library/Developer/Xcode/DerivedData/Itinero-ddatanvrushtpeefdltyxakpvgnm/Build/Products/Debug-iphoneos/PackageFrameworks -F/Users/tobiadegoroye/Library/Developer/Xcode/DerivedData/Itinero-ddatanvrushtpeefdltyxakpvgnm/Build/Products/Debug-iphoneos/PackageFrameworks -F/Users/tobiadegoroye/Library/Developer/Xcode/DerivedData/Itinero-ddatanvrushtpeefdltyxakpvgnm/Build/Products/Debug-iphoneos/PackageFrameworks -F/Users/tobiadegoroye/Library/Developer/Xcode/DerivedData/Itinero-ddatanvrushtpeefdltyxakpvgnm/Build/Products/Debug-iphoneos/PackageFrameworks -F/Users/tobiadegoroye/Library/Developer/Xcode/DerivedData/Itinero-ddatanvrushtpeefdltyxakpvgnm/Build/Products/Debug-iphoneos/PackageFrameworks -F/Users/tobiadegoroye/Library/Developer/Xcode/DerivedData/Itinero-ddatanvrushtpeefdltyxakpvgnm/Build/Products/Debug-iphoneos/PackageFrameworks -F/Users/tobiadegoroye/Library/Developer/Xcode/DerivedData/Itinero-ddatanvrushtpeefdltyxakpvgnm/Build/Products/Debug-iphoneos -Xlinker -rpath -Xlinker @executable_path -Xlinker -rpath -Xlinker /Users/tobiadegoroye/Library/Developer/Xcode/DerivedData/Itinero-ddatanvrushtpeefdltyxakpvgnm/Build/Products/Debug-iphoneos/PackageFrameworks -Xlinker -rpath -Xlinker @executable_path/Frameworks -rdynamic -Xlinker -no_deduplicate -e ___debug_blank_executor_main -Xlinker -sectcreate -Xlinker __TEXT -Xlinker __debug_dylib -Xlinker /Users/tobiadegoroye/Library/Developer/Xcode/DerivedData/Itinero-ddatanvrushtpeefdltyxakpvgnm/Build/Intermediates.noindex/Itinero.build/Debug-iphoneos/Itinero.build/Itinero-DebugDylibPath-normal-arm64.txt -Xlinker -sectcreate -Xlinker __TEXT -Xlinker __debug_instlnm -Xlinker /Users/tobiadegoroye/Library/Developer/Xcode/DerivedData/Itinero-ddatanvrushtpeefdltyxakpvgnm/Build/Intermediates.noindex/Itinero.build/Debug-iphoneos/Itinero.build/Itinero-DebugDylibInstallName-normal-arm64.txt -Xlinker -filelist -Xlinker /Users/tobiadegoroye/Library/Developer/Xcode/DerivedData/Itinero-ddatanvrushtpeefdltyxakpvgnm/Build/Intermediates.noindex/Itinero.build/Debug-iphoneos/Itinero.build/Itinero-ExecutorLinkFileList-normal-arm64.txt /Users/tobiadegoroye/Library/Developer/Xcode/DerivedData/Itinero-ddatanvrushtpeefdltyxakpvgnm/Build/Products/Debug-iphoneos/Itinero.app/Itinero.debug.dylib -Xlinker -no_adhoc_codesign -o /Users/tobiadegoroye/Library/Developer/Xcode/DerivedData/Itinero-ddatanvrushtpeefdltyxakpvgnm/Build/Products/Debug-iphoneos/Itinero.app/Itinero

ProcessInfoPlistFile /Users/tobiadegoroye/Library/Developer/Xcode/DerivedData/Itinero-ddatanvrushtpeefdltyxakpvgnm/Build/Products/Debug-iphoneos/Itinero.app/Info.plist /Users/tobiadegoroye/Developer/SwiftUI/Triply/Info.plist (in target 'Itinero' from project 'Itinero')
    cd /Users/tobiadegoroye/Developer/SwiftUI/Triply
    builtin-infoPlistUtility /Users/tobiadegoroye/Developer/SwiftUI/Triply/Info.plist -producttype com.apple.product-type.application -genpkginfo /Users/tobiadegoroye/Library/Developer/Xcode/DerivedData/Itinero-ddatanvrushtpeefdltyxakpvgnm/Build/Products/Debug-iphoneos/Itinero.app/PkgInfo -expandbuildsettings -format binary -platform iphoneos -additionalcontentfile /Users/tobiadegoroye/Library/Developer/Xcode/DerivedData/Itinero-ddatanvrushtpeefdltyxakpvgnm/Build/Intermediates.noindex/Itinero.build/Debug-iphoneos/Itinero.build/assetcatalog_generated_info.plist -scanforprivacyfile /Users/tobiadegoroye/Library/Developer/Xcode/DerivedData/Itinero-ddatanvrushtpeefdltyxakpvgnm/Build/Products/Debug-iphoneos/Itinero.app/Firebase_FirebaseCore.bundle -scanforprivacyfile /Users/tobiadegoroye/Library/Developer/Xcode/DerivedData/Itinero-ddatanvrushtpeefdltyxakpvgnm/Build/Products/Debug-iphoneos/Itinero.app/Firebase_FirebaseCoreExtension.bundle -scanforprivacyfile /Users/tobiadegoroye/Library/Developer/Xcode/DerivedData/Itinero-ddatanvrushtpeefdltyxakpvgnm/Build/Products/Debug-iphoneos/Itinero.app/Firebase_FirebaseCoreInternal.bundle -scanforprivacyfile /Users/tobiadegoroye/Library/Developer/Xcode/DerivedData/Itinero-ddatanvrushtpeefdltyxakpvgnm/Build/Products/Debug-iphoneos/Itinero.app/Firebase_FirebaseInstallations.bundle -scanforprivacyfile /Users/tobiadegoroye/Library/Developer/Xcode/DerivedData/Itinero-ddatanvrushtpeefdltyxakpvgnm/Build/Products/Debug-iphoneos/Itinero.app/Frameworks/FirebaseAnalytics.framework -scanforprivacyfile /Users/tobiadegoroye/Library/Developer/Xcode/DerivedData/Itinero-ddatanvrushtpeefdltyxakpvgnm/Build/Products/Debug-iphoneos/Itinero.app/Frameworks/GoogleAdsOnDeviceConversion.framework -scanforprivacyfile /Users/tobiadegoroye/Library/Developer/Xcode/DerivedData/Itinero-ddatanvrushtpeefdltyxakpvgnm/Build/Products/Debug-iphoneos/Itinero.app/Frameworks/GoogleAppMeasurement.framework -scanforprivacyfile /Users/tobiadegoroye/Library/Developer/Xcode/DerivedData/Itinero-ddatanvrushtpeefdltyxakpvgnm/Build/Products/Debug-iphoneos/Itinero.app/Frameworks/GoogleAppMeasurementIdentitySupport.framework -scanforprivacyfile /Users/tobiadegoroye/Library/Developer/Xcode/DerivedData/Itinero-ddatanvrushtpeefdltyxakpvgnm/Build/Products/Debug-iphoneos/Itinero.app/GoogleUtilities_GoogleUtilities-AppDelegateSwizzler.bundle -scanforprivacyfile /Users/tobiadegoroye/Library/Developer/Xcode/DerivedData/Itinero-ddatanvrushtpeefdltyxakpvgnm/Build/Products/Debug-iphoneos/Itinero.app/GoogleUtilities_GoogleUtilities-Environment.bundle -scanforprivacyfile /Users/tobiadegoroye/Library/Developer/Xcode/DerivedData/Itinero-ddatanvrushtpeefdltyxakpvgnm/Build/Products/Debug-iphoneos/Itinero.app/GoogleUtilities_GoogleUtilities-Logger.bundle -scanforprivacyfile /Users/tobiadegoroye/Library/Developer/Xcode/DerivedData/Itinero-ddatanvrushtpeefdltyxakpvgnm/Build/Products/Debug-iphoneos/Itinero.app/GoogleUtilities_GoogleUtilities-MethodSwizzler.bundle -scanforprivacyfile /Users/tobiadegoroye/Library/Developer/Xcode/DerivedData/Itinero-ddatanvrushtpeefdltyxakpvgnm/Build/Products/Debug-iphoneos/Itinero.app/GoogleUtilities_GoogleUtilities-NSData.bundle -scanforprivacyfile /Users/tobiadegoroye/Library/Developer/Xcode/DerivedData/Itinero-ddatanvrushtpeefdltyxakpvgnm/Build/Products/Debug-iphoneos/Itinero.app/GoogleUtilities_GoogleUtilities-Network.bundle -scanforprivacyfile /Users/tobiadegoroye/Library/Developer/Xcode/DerivedData/Itinero-ddatanvrushtpeefdltyxakpvgnm/Build/Products/Debug-iphoneos/Itinero.app/GoogleUtilities_GoogleUtilities-Reachability.bundle -scanforprivacyfile /Users/tobiadegoroye/Library/Developer/Xcode/DerivedData/Itinero-ddatanvrushtpeefdltyxakpvgnm/Build/Products/Debug-iphoneos/Itinero.app/GoogleUtilities_GoogleUtilities-UserDefaults.bundle -scanforprivacyfile /Users/tobiadegoroye/Library/Developer/Xcode/DerivedData/Itinero-ddatanvrushtpeefdltyxakpvgnm/Build/Products/Debug-iphoneos/Itinero.app/PlugIns/TriplyWidgetExtensionExtension.appex -scanforprivacyfile /Users/tobiadegoroye/Library/Developer/Xcode/DerivedData/Itinero-ddatanvrushtpeefdltyxakpvgnm/Build/Products/Debug-iphoneos/Itinero.app/Promises_FBLPromises.bundle -scanforprivacyfile /Users/tobiadegoroye/Library/Developer/Xcode/DerivedData/Itinero-ddatanvrushtpeefdltyxakpvgnm/Build/Products/Debug-iphoneos/Itinero.app/RevenueCat_RevenueCat.bundle -scanforprivacyfile /Users/tobiadegoroye/Library/Developer/Xcode/DerivedData/Itinero-ddatanvrushtpeefdltyxakpvgnm/Build/Products/Debug-iphoneos/Itinero.app/RevenueCat_RevenueCatUI.bundle -scanforprivacyfile /Users/tobiadegoroye/Library/Developer/Xcode/DerivedData/Itinero-ddatanvrushtpeefdltyxakpvgnm/Build/Products/Debug-iphoneos/Itinero.app/nanopb_nanopb.bundle -requiredArchitecture arm64 -o /Users/tobiadegoroye/Library/Developer/Xcode/DerivedData/Itinero-ddatanvrushtpeefdltyxakpvgnm/Build/Products/Debug-iphoneos/Itinero.app/Info.plist

ExtractAppIntentsMetadata (in target 'Itinero' from project 'Itinero')
    cd /Users/tobiadegoroye/Developer/SwiftUI/Triply
    /Applications/Xcode.app/Contents/Developer/Toolchains/XcodeDefault.xctoolchain/usr/bin/appintentsmetadataprocessor --toolchain-dir /Applications/Xcode.app/Contents/Developer/Toolchains/XcodeDefault.xctoolchain --module-name Itinero --sdk-root /Applications/Xcode.app/Contents/Developer/Platforms/iPhoneOS.platform/Developer/SDKs/iPhoneOS26.1.sdk --xcode-version 17B100 --platform-family iOS --deployment-target 17.0 --bundle-identifier com.ntriply.app --output /Users/tobiadegoroye/Library/Developer/Xcode/DerivedData/Itinero-ddatanvrushtpeefdltyxakpvgnm/Build/Products/Debug-iphoneos/Itinero.app --target-triple arm64-apple-ios17.0 --binary-file /Users/tobiadegoroye/Library/Developer/Xcode/DerivedData/Itinero-ddatanvrushtpeefdltyxakpvgnm/Build/Products/Debug-iphoneos/Itinero.app/Itinero --dependency-file /Users/tobiadegoroye/Library/Developer/Xcode/DerivedData/Itinero-ddatanvrushtpeefdltyxakpvgnm/Build/Intermediates.noindex/Itinero.build/Debug-iphoneos/Itinero.build/Objects-normal/arm64/Itinero_dependency_info.dat --stringsdata-file /Users/tobiadegoroye/Library/Developer/Xcode/DerivedData/Itinero-ddatanvrushtpeefdltyxakpvgnm/Build/Intermediates.noindex/Itinero.build/Debug-iphoneos/Itinero.build/Objects-normal/arm64/ExtractedAppShortcutsMetadata.stringsdata --source-file-list /Users/tobiadegoroye/Library/Developer/Xcode/DerivedData/Itinero-ddatanvrushtpeefdltyxakpvgnm/Build/Intermediates.noindex/Itinero.build/Debug-iphoneos/Itinero.build/Objects-normal/arm64/Itinero.SwiftFileList --metadata-file-list /Users/tobiadegoroye/Library/Developer/Xcode/DerivedData/Itinero-ddatanvrushtpeefdltyxakpvgnm/Build/Intermediates.noindex/Itinero.build/Debug-iphoneos/Itinero.build/Itinero.DependencyMetadataFileList --static-metadata-file-list /Users/tobiadegoroye/Library/Developer/Xcode/DerivedData/Itinero-ddatanvrushtpeefdltyxakpvgnm/Build/Intermediates.noindex/Itinero.build/Debug-iphoneos/Itinero.build/Itinero.DependencyStaticMetadataFileList --swift-const-vals-list /Users/tobiadegoroye/Library/Developer/Xcode/DerivedData/Itinero-ddatanvrushtpeefdltyxakpvgnm/Build/Intermediates.noindex/Itinero.build/Debug-iphoneos/Itinero.build/Objects-normal/arm64/Itinero.SwiftConstValuesFileList --compile-time-extraction --deployment-aware-processing --validate-assistant-intents --no-app-shortcuts-localization
2026-03-13 11:27:17.460 appintentsmetadataprocessor[88710:2560824] Starting appintentsmetadataprocessor export
2026-03-13 11:27:17.607 appintentsmetadataprocessor[88710:2560824] Writing Metadata.appintents
2026-03-13 11:27:17.607 appintentsmetadataprocessor[88710:2560824] Metadata root: /Users/tobiadegoroye/Library/Developer/Xcode/DerivedData/Itinero-ddatanvrushtpeefdltyxakpvgnm/Build/Products/Debug-iphoneos/Itinero.app/Metadata.appintents

CopySwiftLibs /Users/tobiadegoroye/Library/Developer/Xcode/DerivedData/Itinero-ddatanvrushtpeefdltyxakpvgnm/Build/Products/Debug-iphoneos/Itinero.app (in target 'Itinero' from project 'Itinero')
    cd /Users/tobiadegoroye/Developer/SwiftUI/Triply
    builtin-swiftStdLibTool --copy --verbose --sign 9C180A062C1DCCA00C93D501DFBB2D29DA1CD40C --scan-executable /Users/tobiadegoroye/Library/Developer/Xcode/DerivedData/Itinero-ddatanvrushtpeefdltyxakpvgnm/Build/Products/Debug-iphoneos/Itinero.app/Itinero.debug.dylib --scan-folder /Users/tobiadegoroye/Library/Developer/Xcode/DerivedData/Itinero-ddatanvrushtpeefdltyxakpvgnm/Build/Products/Debug-iphoneos/Itinero.app/Frameworks --scan-folder /Users/tobiadegoroye/Library/Developer/Xcode/DerivedData/Itinero-ddatanvrushtpeefdltyxakpvgnm/Build/Products/Debug-iphoneos/Itinero.app/PlugIns --scan-folder /Users/tobiadegoroye/Library/Developer/Xcode/DerivedData/Itinero-ddatanvrushtpeefdltyxakpvgnm/Build/Products/Debug-iphoneos/Itinero.app/SystemExtensions --scan-folder /Users/tobiadegoroye/Library/Developer/Xcode/DerivedData/Itinero-ddatanvrushtpeefdltyxakpvgnm/Build/Products/Debug-iphoneos/Itinero.app/Extensions --platform iphoneos --toolchain /Applications/Xcode.app/Contents/Developer/Toolchains/XcodeDefault.xctoolchain --destination /Users/tobiadegoroye/Library/Developer/Xcode/DerivedData/Itinero-ddatanvrushtpeefdltyxakpvgnm/Build/Products/Debug-iphoneos/Itinero.app/Frameworks --strip-bitcode --strip-bitcode-tool /Applications/Xcode.app/Contents/Developer/Toolchains/XcodeDefault.xctoolchain/usr/bin/bitcode_strip --emit-dependency-info /Users/tobiadegoroye/Library/Developer/Xcode/DerivedData/Itinero-ddatanvrushtpeefdltyxakpvgnm/Build/Intermediates.noindex/Itinero.build/Debug-iphoneos/Itinero.build/SwiftStdLibToolInputDependencies.dep --filter-for-swift-os --back-deploy-swift-span

CodeSign /Users/tobiadegoroye/Library/Developer/Xcode/DerivedData/Itinero-ddatanvrushtpeefdltyxakpvgnm/Build/Products/Debug-iphoneos/Itinero.app/Itinero.debug.dylib (in target 'Itinero' from project 'Itinero')
    cd /Users/tobiadegoroye/Developer/SwiftUI/Triply
    
    Signing Identity:     "Apple Development: tobiadegoroye49@icloud.com (JCL2AN9KJ9)"
    Provisioning Profile: "iOS Team Provisioning Profile: com.ntriply.app"
                          (a51b31ff-3aa5-49a2-aa0c-0e6077d2f767)
    
    /usr/bin/codesign --force --sign 9C180A062C1DCCA00C93D501DFBB2D29DA1CD40C --timestamp\=none --generate-entitlement-der /Users/tobiadegoroye/Library/Developer/Xcode/DerivedData/Itinero-ddatanvrushtpeefdltyxakpvgnm/Build/Products/Debug-iphoneos/Itinero.app/Itinero.debug.dylib

CodeSign /Users/tobiadegoroye/Library/Developer/Xcode/DerivedData/Itinero-ddatanvrushtpeefdltyxakpvgnm/Build/Products/Debug-iphoneos/Itinero.app/__preview.dylib (in target 'Itinero' from project 'Itinero')
    cd /Users/tobiadegoroye/Developer/SwiftUI/Triply
    
    Signing Identity:     "Apple Development: tobiadegoroye49@icloud.com (JCL2AN9KJ9)"
    Provisioning Profile: "iOS Team Provisioning Profile: com.ntriply.app"
                          (a51b31ff-3aa5-49a2-aa0c-0e6077d2f767)
    
    /usr/bin/codesign --force --sign 9C180A062C1DCCA00C93D501DFBB2D29DA1CD40C --timestamp\=none --generate-entitlement-der /Users/tobiadegoroye/Library/Developer/Xcode/DerivedData/Itinero-ddatanvrushtpeefdltyxakpvgnm/Build/Products/Debug-iphoneos/Itinero.app/__preview.dylib
/Users/tobiadegoroye/Library/Developer/Xcode/DerivedData/Itinero-ddatanvrushtpeefdltyxakpvgnm/Build/Products/Debug-iphoneos/Itinero.app/__preview.dylib: replacing existing signature

CodeSign /Users/tobiadegoroye/Library/Developer/Xcode/DerivedData/Itinero-ddatanvrushtpeefdltyxakpvgnm/Build/Products/Debug-iphoneos/Itinero.app (in target 'Itinero' from project 'Itinero')
    cd /Users/tobiadegoroye/Developer/SwiftUI/Triply
    
    Signing Identity:     "Apple Development: tobiadegoroye49@icloud.com (JCL2AN9KJ9)"
    Provisioning Profile: "iOS Team Provisioning Profile: com.ntriply.app"
                          (a51b31ff-3aa5-49a2-aa0c-0e6077d2f767)
    
    /usr/bin/codesign --force --sign 9C180A062C1DCCA00C93D501DFBB2D29DA1CD40C --entitlements /Users/tobiadegoroye/Library/Developer/Xcode/DerivedData/Itinero-ddatanvrushtpeefdltyxakpvgnm/Build/Intermediates.noindex/Itinero.build/Debug-iphoneos/Itinero.build/Itinero.app.xcent --timestamp\=none --generate-entitlement-der /Users/tobiadegoroye/Library/Developer/Xcode/DerivedData/Itinero-ddatanvrushtpeefdltyxakpvgnm/Build/Products/Debug-iphoneos/Itinero.app

Validate /Users/tobiadegoroye/Library/Developer/Xcode/DerivedData/Itinero-ddatanvrushtpeefdltyxakpvgnm/Build/Products/Debug-iphoneos/Itinero.app (in target 'Itinero' from project 'Itinero')
    cd /Users/tobiadegoroye/Developer/SwiftUI/Triply
    builtin-validationUtility /Users/tobiadegoroye/Library/Developer/Xcode/DerivedData/Itinero-ddatanvrushtpeefdltyxakpvgnm/Build/Products/Debug-iphoneos/Itinero.app -shallow-bundle -infoplist-subpath Info.plist

** BUILD SUCCEEDED **

